-- -------------------------------------------------------------
-- TablePlus 4.0.0(370)
--
-- https://tableplus.com/
--
-- Database: tms_dev
-- Generation Time: 2021-07-01 15:21:30.8580
-- -------------------------------------------------------------


DROP TABLE IF EXISTS "public"."auth_group";
-- This script only contains the table creation statements and does not fully represent the table in the database. It's still missing: indices, triggers. Do not use it as a backup.

-- Sequence and defined type
CREATE SEQUENCE IF NOT EXISTS auth_group_id_seq;

-- Table Definition
CREATE TABLE "public"."auth_group" (
    "id" int4 NOT NULL DEFAULT nextval('auth_group_id_seq'::regclass),
    "name" varchar(150) NOT NULL,
    PRIMARY KEY ("id")
);

DROP TABLE IF EXISTS "public"."auth_group_permissions";
-- This script only contains the table creation statements and does not fully represent the table in the database. It's still missing: indices, triggers. Do not use it as a backup.

-- Sequence and defined type
CREATE SEQUENCE IF NOT EXISTS auth_group_permissions_id_seq;

-- Table Definition
CREATE TABLE "public"."auth_group_permissions" (
    "id" int4 NOT NULL DEFAULT nextval('auth_group_permissions_id_seq'::regclass),
    "group_id" int4 NOT NULL,
    "permission_id" int4 NOT NULL,
    PRIMARY KEY ("id")
);

DROP TABLE IF EXISTS "public"."auth_permission";
-- This script only contains the table creation statements and does not fully represent the table in the database. It's still missing: indices, triggers. Do not use it as a backup.

-- Sequence and defined type
CREATE SEQUENCE IF NOT EXISTS auth_permission_id_seq;

-- Table Definition
CREATE TABLE "public"."auth_permission" (
    "id" int4 NOT NULL DEFAULT nextval('auth_permission_id_seq'::regclass),
    "name" varchar(255) NOT NULL,
    "content_type_id" int4 NOT NULL,
    "codename" varchar(100) NOT NULL,
    PRIMARY KEY ("id")
);

DROP TABLE IF EXISTS "public"."auth_user";
-- This script only contains the table creation statements and does not fully represent the table in the database. It's still missing: indices, triggers. Do not use it as a backup.

-- Sequence and defined type
CREATE SEQUENCE IF NOT EXISTS auth_user_id_seq;

-- Table Definition
CREATE TABLE "public"."auth_user" (
    "id" int4 NOT NULL DEFAULT nextval('auth_user_id_seq'::regclass),
    "password" varchar(128) NOT NULL,
    "last_login" timestamptz,
    "is_superuser" bool NOT NULL,
    "username" varchar(150) NOT NULL,
    "first_name" varchar(30) NOT NULL,
    "last_name" varchar(150) NOT NULL,
    "email" varchar(254) NOT NULL,
    "is_staff" bool NOT NULL,
    "is_active" bool NOT NULL,
    "date_joined" timestamptz NOT NULL,
    PRIMARY KEY ("id")
);

DROP TABLE IF EXISTS "public"."auth_user_groups";
-- This script only contains the table creation statements and does not fully represent the table in the database. It's still missing: indices, triggers. Do not use it as a backup.

-- Sequence and defined type
CREATE SEQUENCE IF NOT EXISTS auth_user_groups_id_seq;

-- Table Definition
CREATE TABLE "public"."auth_user_groups" (
    "id" int4 NOT NULL DEFAULT nextval('auth_user_groups_id_seq'::regclass),
    "user_id" int4 NOT NULL,
    "group_id" int4 NOT NULL,
    PRIMARY KEY ("id")
);

DROP TABLE IF EXISTS "public"."auth_user_user_permissions";
-- This script only contains the table creation statements and does not fully represent the table in the database. It's still missing: indices, triggers. Do not use it as a backup.

-- Sequence and defined type
CREATE SEQUENCE IF NOT EXISTS auth_user_user_permissions_id_seq;

-- Table Definition
CREATE TABLE "public"."auth_user_user_permissions" (
    "id" int4 NOT NULL DEFAULT nextval('auth_user_user_permissions_id_seq'::regclass),
    "user_id" int4 NOT NULL,
    "permission_id" int4 NOT NULL,
    PRIMARY KEY ("id")
);

DROP TABLE IF EXISTS "public"."django_admin_log";
-- This script only contains the table creation statements and does not fully represent the table in the database. It's still missing: indices, triggers. Do not use it as a backup.

-- Sequence and defined type
CREATE SEQUENCE IF NOT EXISTS django_admin_log_id_seq;

-- Table Definition
CREATE TABLE "public"."django_admin_log" (
    "id" int4 NOT NULL DEFAULT nextval('django_admin_log_id_seq'::regclass),
    "action_time" timestamptz NOT NULL,
    "object_id" text,
    "object_repr" varchar(200) NOT NULL,
    "action_flag" int2 NOT NULL CHECK (action_flag >= 0),
    "change_message" text NOT NULL,
    "content_type_id" int4,
    "user_id" int4 NOT NULL,
    PRIMARY KEY ("id")
);

DROP TABLE IF EXISTS "public"."django_content_type";
-- This script only contains the table creation statements and does not fully represent the table in the database. It's still missing: indices, triggers. Do not use it as a backup.

-- Sequence and defined type
CREATE SEQUENCE IF NOT EXISTS django_content_type_id_seq;

-- Table Definition
CREATE TABLE "public"."django_content_type" (
    "id" int4 NOT NULL DEFAULT nextval('django_content_type_id_seq'::regclass),
    "app_label" varchar(100) NOT NULL,
    "model" varchar(100) NOT NULL,
    PRIMARY KEY ("id")
);

DROP TABLE IF EXISTS "public"."django_migrations";
-- This script only contains the table creation statements and does not fully represent the table in the database. It's still missing: indices, triggers. Do not use it as a backup.

-- Sequence and defined type
CREATE SEQUENCE IF NOT EXISTS django_migrations_id_seq;

-- Table Definition
CREATE TABLE "public"."django_migrations" (
    "id" int4 NOT NULL DEFAULT nextval('django_migrations_id_seq'::regclass),
    "app" varchar(255) NOT NULL,
    "name" varchar(255) NOT NULL,
    "applied" timestamptz NOT NULL,
    PRIMARY KEY ("id")
);

DROP TABLE IF EXISTS "public"."django_session";
-- This script only contains the table creation statements and does not fully represent the table in the database. It's still missing: indices, triggers. Do not use it as a backup.

-- Table Definition
CREATE TABLE "public"."django_session" (
    "session_key" varchar(40) NOT NULL,
    "session_data" text NOT NULL,
    "expire_date" timestamptz NOT NULL,
    PRIMARY KEY ("session_key")
);

DROP TABLE IF EXISTS "public"."unit_logs_arkle";
-- This script only contains the table creation statements and does not fully represent the table in the database. It's still missing: indices, triggers. Do not use it as a backup.

-- Sequence and defined type
CREATE SEQUENCE IF NOT EXISTS unit_logs_arkle_id_seq;

-- Table Definition
CREATE TABLE "public"."unit_logs_arkle" (
    "id" int4 NOT NULL DEFAULT nextval('unit_logs_arkle_id_seq'::regclass),
    "number" int2 NOT NULL CHECK (number >= 0),
    "date_added" date NOT NULL,
    "status" varchar(15) NOT NULL,
    "start_date" date,
    PRIMARY KEY ("id")
);

DROP TABLE IF EXISTS "public"."unit_logs_arkle_entry";
-- This script only contains the table creation statements and does not fully represent the table in the database. It's still missing: indices, triggers. Do not use it as a backup.

-- Sequence and defined type
CREATE SEQUENCE IF NOT EXISTS unit_logs_arkle_entry_id_seq;

-- Table Definition
CREATE TABLE "public"."unit_logs_arkle_entry" (
    "id" int4 NOT NULL DEFAULT nextval('unit_logs_arkle_entry_id_seq'::regclass),
    "date_added" timestamptz NOT NULL,
    "status" varchar(41) NOT NULL,
    "venue" varchar(18),
    "comments" text NOT NULL,
    "arkle_id" int4 NOT NULL,
    PRIMARY KEY ("id")
);

DROP TABLE IF EXISTS "public"."unit_logs_denman";
-- This script only contains the table creation statements and does not fully represent the table in the database. It's still missing: indices, triggers. Do not use it as a backup.

-- Sequence and defined type
CREATE SEQUENCE IF NOT EXISTS unit_logs_denman_id_seq;

-- Table Definition
CREATE TABLE "public"."unit_logs_denman" (
    "id" int4 NOT NULL DEFAULT nextval('unit_logs_denman_id_seq'::regclass),
    "number" int2 NOT NULL CHECK (number >= 0),
    "date_added" date NOT NULL,
    "status" varchar(15) NOT NULL,
    "start_date" date,
    PRIMARY KEY ("id")
);

DROP TABLE IF EXISTS "public"."unit_logs_denman_entry";
-- This script only contains the table creation statements and does not fully represent the table in the database. It's still missing: indices, triggers. Do not use it as a backup.

-- Sequence and defined type
CREATE SEQUENCE IF NOT EXISTS unit_logs_denman_entry_id_seq;

-- Table Definition
CREATE TABLE "public"."unit_logs_denman_entry" (
    "id" int4 NOT NULL DEFAULT nextval('unit_logs_denman_entry_id_seq'::regclass),
    "date_added" timestamptz NOT NULL,
    "status" varchar(41) NOT NULL,
    "venue" varchar(18),
    "comments" text NOT NULL,
    "denman_id" int4 NOT NULL,
    PRIMARY KEY ("id")
);

DROP TABLE IF EXISTS "public"."unit_logs_enable";
-- This script only contains the table creation statements and does not fully represent the table in the database. It's still missing: indices, triggers. Do not use it as a backup.

-- Sequence and defined type
CREATE SEQUENCE IF NOT EXISTS unit_logs_enable_id_seq;

-- Table Definition
CREATE TABLE "public"."unit_logs_enable" (
    "id" int4 NOT NULL DEFAULT nextval('unit_logs_enable_id_seq'::regclass),
    "number" int2 NOT NULL CHECK (number >= 0),
    "date_added" date NOT NULL,
    "status" varchar(15) NOT NULL,
    "start_date" date,
    PRIMARY KEY ("id")
);

DROP TABLE IF EXISTS "public"."unit_logs_enable_entry";
-- This script only contains the table creation statements and does not fully represent the table in the database. It's still missing: indices, triggers. Do not use it as a backup.

-- Sequence and defined type
CREATE SEQUENCE IF NOT EXISTS unit_logs_enable_entry_id_seq;

-- Table Definition
CREATE TABLE "public"."unit_logs_enable_entry" (
    "id" int4 NOT NULL DEFAULT nextval('unit_logs_enable_entry_id_seq'::regclass),
    "date_added" timestamptz NOT NULL,
    "status" varchar(41) NOT NULL,
    "venue" varchar(18),
    "comments" text NOT NULL,
    "enable_id" int4 NOT NULL,
    PRIMARY KEY ("id")
);

DROP TABLE IF EXISTS "public"."unit_logs_entry";
-- This script only contains the table creation statements and does not fully represent the table in the database. It's still missing: indices, triggers. Do not use it as a backup.

-- Sequence and defined type
CREATE SEQUENCE IF NOT EXISTS unit_logs_entry_id_seq;

-- Table Definition
CREATE TABLE "public"."unit_logs_entry" (
    "id" int4 NOT NULL DEFAULT nextval('unit_logs_entry_id_seq'::regclass),
    "date_added" timestamptz NOT NULL,
    "status" varchar(41),
    "venue" varchar(18),
    "comments" text NOT NULL,
    "winx_id" int4 NOT NULL,
    PRIMARY KEY ("id")
);

DROP TABLE IF EXISTS "public"."unit_logs_frankel";
-- This script only contains the table creation statements and does not fully represent the table in the database. It's still missing: indices, triggers. Do not use it as a backup.

-- Sequence and defined type
CREATE SEQUENCE IF NOT EXISTS unit_logs_frankel_id_seq;

-- Table Definition
CREATE TABLE "public"."unit_logs_frankel" (
    "id" int4 NOT NULL DEFAULT nextval('unit_logs_frankel_id_seq'::regclass),
    "number" int2 NOT NULL CHECK (number >= 0),
    "date_added" date NOT NULL,
    "status" varchar(15) NOT NULL,
    "start_date" date,
    PRIMARY KEY ("id")
);

DROP TABLE IF EXISTS "public"."unit_logs_frankel_entry";
-- This script only contains the table creation statements and does not fully represent the table in the database. It's still missing: indices, triggers. Do not use it as a backup.

-- Sequence and defined type
CREATE SEQUENCE IF NOT EXISTS unit_logs_frankel_entry_id_seq;

-- Table Definition
CREATE TABLE "public"."unit_logs_frankel_entry" (
    "id" int4 NOT NULL DEFAULT nextval('unit_logs_frankel_entry_id_seq'::regclass),
    "date_added" timestamptz NOT NULL,
    "status" varchar(41) NOT NULL,
    "venue" varchar(18),
    "comments" text NOT NULL,
    "frankel_id" int4 NOT NULL,
    PRIMARY KEY ("id")
);

DROP TABLE IF EXISTS "public"."unit_logs_kauto";
-- This script only contains the table creation statements and does not fully represent the table in the database. It's still missing: indices, triggers. Do not use it as a backup.

-- Sequence and defined type
CREATE SEQUENCE IF NOT EXISTS unit_logs_kauto_id_seq;

-- Table Definition
CREATE TABLE "public"."unit_logs_kauto" (
    "id" int4 NOT NULL DEFAULT nextval('unit_logs_kauto_id_seq'::regclass),
    "number" int2 NOT NULL CHECK (number >= 0),
    "date_added" date NOT NULL,
    "status" varchar(15) NOT NULL,
    "start_date" date,
    PRIMARY KEY ("id")
);

DROP TABLE IF EXISTS "public"."unit_logs_kauto_entry";
-- This script only contains the table creation statements and does not fully represent the table in the database. It's still missing: indices, triggers. Do not use it as a backup.

-- Sequence and defined type
CREATE SEQUENCE IF NOT EXISTS unit_logs_kauto_entry_id_seq;

-- Table Definition
CREATE TABLE "public"."unit_logs_kauto_entry" (
    "id" int4 NOT NULL DEFAULT nextval('unit_logs_kauto_entry_id_seq'::regclass),
    "date_added" timestamptz NOT NULL,
    "status" varchar(41) NOT NULL,
    "venue" varchar(18),
    "comments" text NOT NULL,
    "kauto_id" int4 NOT NULL,
    PRIMARY KEY ("id")
);

DROP TABLE IF EXISTS "public"."unit_logs_other";
-- This script only contains the table creation statements and does not fully represent the table in the database. It's still missing: indices, triggers. Do not use it as a backup.

-- Sequence and defined type
CREATE SEQUENCE IF NOT EXISTS unit_logs_other_id_seq;

-- Table Definition
CREATE TABLE "public"."unit_logs_other" (
    "id" int4 NOT NULL DEFAULT nextval('unit_logs_other_id_seq'::regclass),
    "number" int2 NOT NULL CHECK (number >= 0),
    "date_added" date NOT NULL,
    "status" varchar(15) NOT NULL,
    "start_date" date,
    PRIMARY KEY ("id")
);

DROP TABLE IF EXISTS "public"."unit_logs_other_entry";
-- This script only contains the table creation statements and does not fully represent the table in the database. It's still missing: indices, triggers. Do not use it as a backup.

-- Sequence and defined type
CREATE SEQUENCE IF NOT EXISTS unit_logs_other_entry_id_seq;

-- Table Definition
CREATE TABLE "public"."unit_logs_other_entry" (
    "id" int4 NOT NULL DEFAULT nextval('unit_logs_other_entry_id_seq'::regclass),
    "date_added" timestamptz NOT NULL,
    "status" varchar(41) NOT NULL,
    "venue" varchar(18),
    "comments" text NOT NULL,
    "other_id" int4 NOT NULL,
    PRIMARY KEY ("id")
);

DROP TABLE IF EXISTS "public"."unit_logs_winx";
-- This script only contains the table creation statements and does not fully represent the table in the database. It's still missing: indices, triggers. Do not use it as a backup.

-- Sequence and defined type
CREATE SEQUENCE IF NOT EXISTS unit_logs_winx_id_seq;

-- Table Definition
CREATE TABLE "public"."unit_logs_winx" (
    "id" int4 NOT NULL DEFAULT nextval('unit_logs_winx_id_seq'::regclass),
    "number" int2 NOT NULL CHECK (number >= 0),
    "date_added" date NOT NULL,
    "status" varchar(15) NOT NULL,
    "start_date" date,
    PRIMARY KEY ("id")
);

INSERT INTO "public"."auth_permission" ("id", "name", "content_type_id", "codename") VALUES
(1, 'Can add log entry', 1, 'add_logentry'),
(2, 'Can change log entry', 1, 'change_logentry'),
(3, 'Can delete log entry', 1, 'delete_logentry'),
(4, 'Can view log entry', 1, 'view_logentry'),
(5, 'Can add permission', 2, 'add_permission'),
(6, 'Can change permission', 2, 'change_permission'),
(7, 'Can delete permission', 2, 'delete_permission'),
(8, 'Can view permission', 2, 'view_permission'),
(9, 'Can add group', 3, 'add_group'),
(10, 'Can change group', 3, 'change_group'),
(11, 'Can delete group', 3, 'delete_group'),
(12, 'Can view group', 3, 'view_group'),
(13, 'Can add user', 4, 'add_user'),
(14, 'Can change user', 4, 'change_user'),
(15, 'Can delete user', 4, 'delete_user'),
(16, 'Can view user', 4, 'view_user'),
(17, 'Can add content type', 5, 'add_contenttype'),
(18, 'Can change content type', 5, 'change_contenttype'),
(19, 'Can delete content type', 5, 'delete_contenttype'),
(20, 'Can view content type', 5, 'view_contenttype'),
(21, 'Can add session', 6, 'add_session'),
(22, 'Can change session', 6, 'change_session'),
(23, 'Can delete session', 6, 'delete_session'),
(24, 'Can view session', 6, 'view_session'),
(25, 'Can add arkle', 7, 'add_arkle'),
(26, 'Can change arkle', 7, 'change_arkle'),
(27, 'Can delete arkle', 7, 'delete_arkle'),
(28, 'Can view arkle', 7, 'view_arkle'),
(29, 'Can add denman', 8, 'add_denman'),
(30, 'Can change denman', 8, 'change_denman'),
(31, 'Can delete denman', 8, 'delete_denman'),
(32, 'Can view denman', 8, 'view_denman'),
(33, 'Can add enable', 9, 'add_enable'),
(34, 'Can change enable', 9, 'change_enable'),
(35, 'Can delete enable', 9, 'delete_enable'),
(36, 'Can view enable', 9, 'view_enable'),
(37, 'Can add frankel', 10, 'add_frankel'),
(38, 'Can change frankel', 10, 'change_frankel'),
(39, 'Can delete frankel', 10, 'delete_frankel'),
(40, 'Can view frankel', 10, 'view_frankel'),
(41, 'Can add kauto', 11, 'add_kauto'),
(42, 'Can change kauto', 11, 'change_kauto'),
(43, 'Can delete kauto', 11, 'delete_kauto'),
(44, 'Can view kauto', 11, 'view_kauto'),
(45, 'Can add winx', 12, 'add_winx'),
(46, 'Can change winx', 12, 'change_winx'),
(47, 'Can delete winx', 12, 'delete_winx'),
(48, 'Can view winx', 12, 'view_winx'),
(49, 'Can add kauto_ entry', 13, 'add_kauto_entry'),
(50, 'Can change kauto_ entry', 13, 'change_kauto_entry'),
(51, 'Can delete kauto_ entry', 13, 'delete_kauto_entry'),
(52, 'Can view kauto_ entry', 13, 'view_kauto_entry'),
(53, 'Can add frankel_ entry', 14, 'add_frankel_entry'),
(54, 'Can change frankel_ entry', 14, 'change_frankel_entry'),
(55, 'Can delete frankel_ entry', 14, 'delete_frankel_entry'),
(56, 'Can view frankel_ entry', 14, 'view_frankel_entry'),
(57, 'Can add entry', 15, 'add_entry'),
(58, 'Can change entry', 15, 'change_entry'),
(59, 'Can delete entry', 15, 'delete_entry'),
(60, 'Can view entry', 15, 'view_entry'),
(61, 'Can add enable_ entry', 16, 'add_enable_entry'),
(62, 'Can change enable_ entry', 16, 'change_enable_entry'),
(63, 'Can delete enable_ entry', 16, 'delete_enable_entry'),
(64, 'Can view enable_ entry', 16, 'view_enable_entry'),
(65, 'Can add denman_ entry', 17, 'add_denman_entry'),
(66, 'Can change denman_ entry', 17, 'change_denman_entry'),
(67, 'Can delete denman_ entry', 17, 'delete_denman_entry'),
(68, 'Can view denman_ entry', 17, 'view_denman_entry'),
(69, 'Can add arkle_ entry', 18, 'add_arkle_entry'),
(70, 'Can change arkle_ entry', 18, 'change_arkle_entry'),
(71, 'Can delete arkle_ entry', 18, 'delete_arkle_entry'),
(72, 'Can view arkle_ entry', 18, 'view_arkle_entry'),
(73, 'Can add other', 19, 'add_other'),
(74, 'Can change other', 19, 'change_other'),
(75, 'Can delete other', 19, 'delete_other'),
(76, 'Can view other', 19, 'view_other'),
(77, 'Can add other_ entry', 20, 'add_other_entry'),
(78, 'Can change other_ entry', 20, 'change_other_entry'),
(79, 'Can delete other_ entry', 20, 'delete_other_entry'),
(80, 'Can view other_ entry', 20, 'view_other_entry'),
(81, 'Can add failures', 21, 'add_failures'),
(82, 'Can change failures', 21, 'change_failures'),
(83, 'Can delete failures', 21, 'delete_failures'),
(84, 'Can view failures', 21, 'view_failures');

INSERT INTO "public"."auth_user" ("id", "password", "last_login", "is_superuser", "username", "first_name", "last_name", "email", "is_staff", "is_active", "date_joined") VALUES
(1, 'pbkdf2_sha256$180000$U2aFzsEEAdw4$ZA5Imq6SjSUHNgEevhVaPuvisoJzL3u90oqUmDv5mZI=', '2021-06-30 09:02:21.371865+00', 't', 'dimitrivanloey', '', '', '', 't', 't', '2020-12-31 18:51:37.515437+00'),
(2, 'pbkdf2_sha256$180000$oOdfFw6Cz35F$L5/unC8hpqjEW5HkiluhqG4Vs9VDpCu25tnDN4s4wg8=', '2021-06-30 13:03:20.310518+00', 'f', 'dave', '', '', '', 'f', 't', '2021-01-02 10:43:45.005603+00'),
(3, 'pbkdf2_sha256$180000$FzpUQRiWwLNW$9i0BR/xnJblEze7JWGofqPjGJfkq7BaDfG+iLeiCGvE=', '2021-06-06 12:50:44.399693+00', 'f', 'wdowling1', '', '', '', 'f', 't', '2021-01-18 10:58:55.749572+00'),
(4, 'pbkdf2_sha256$180000$f1meSpOFY0P1$srYmi/NqdUjlP727VA69olCIL8ReGIa9q3oamoTNzKI=', '2021-06-14 10:19:11.746721+00', 'f', 'Mcoyle98', '', '', '', 'f', 't', '2021-06-14 10:19:11.570812+00'),
(5, 'pbkdf2_sha256$180000$b4g6xzhuxZiA$tsIWillzBFJoPyw/W+izPQAWiXN85atRQJRZhYOIdZw=', '2021-06-28 14:01:51.778371+00', 'f', 'max.coyle', '', '', '', 'f', 't', '2021-06-23 14:05:18.080943+00'),
(6, 'pbkdf2_sha256$180000$o0Ooo4Dv7MS3$Qe5M+QnlIULHSvqQMz50hpzwQ+zEk2/Jvwguja2lLqw=', '2021-06-30 17:40:19.576937+00', 'f', 'tom', '', '', '', 'f', 't', '2021-06-30 11:55:05.712651+00');

INSERT INTO "public"."django_content_type" ("id", "app_label", "model") VALUES
(1, 'admin', 'logentry'),
(2, 'auth', 'permission'),
(3, 'auth', 'group'),
(4, 'auth', 'user'),
(5, 'contenttypes', 'contenttype'),
(6, 'sessions', 'session'),
(7, 'unit_logs', 'arkle'),
(8, 'unit_logs', 'denman'),
(9, 'unit_logs', 'enable'),
(10, 'unit_logs', 'frankel'),
(11, 'unit_logs', 'kauto'),
(12, 'unit_logs', 'winx'),
(13, 'unit_logs', 'kauto_entry'),
(14, 'unit_logs', 'frankel_entry'),
(15, 'unit_logs', 'entry'),
(16, 'unit_logs', 'enable_entry'),
(17, 'unit_logs', 'denman_entry'),
(18, 'unit_logs', 'arkle_entry'),
(19, 'unit_logs', 'other'),
(20, 'unit_logs', 'other_entry'),
(21, 'unit_logs', 'failures');

INSERT INTO "public"."django_migrations" ("id", "app", "name", "applied") VALUES
(1, 'contenttypes', '0001_initial', '2020-12-31 18:50:28.356037+00'),
(2, 'auth', '0001_initial', '2020-12-31 18:50:29.333288+00'),
(3, 'admin', '0001_initial', '2020-12-31 18:50:30.777956+00'),
(4, 'admin', '0002_logentry_remove_auto_add', '2020-12-31 18:50:31.011905+00'),
(5, 'admin', '0003_logentry_add_action_flag_choices', '2020-12-31 18:50:31.059732+00'),
(6, 'contenttypes', '0002_remove_content_type_name', '2020-12-31 18:50:31.293993+00'),
(7, 'auth', '0002_alter_permission_name_max_length', '2020-12-31 18:50:31.343864+00'),
(8, 'auth', '0003_alter_user_email_max_length', '2020-12-31 18:50:31.439507+00'),
(9, 'auth', '0004_alter_user_username_opts', '2020-12-31 18:50:31.484766+00'),
(10, 'auth', '0005_alter_user_last_login_null', '2020-12-31 18:50:31.58333+00'),
(11, 'auth', '0006_require_contenttypes_0002', '2020-12-31 18:50:31.60581+00'),
(12, 'auth', '0007_alter_validators_add_error_messages', '2020-12-31 18:50:31.6577+00'),
(13, 'auth', '0008_alter_user_username_max_length', '2020-12-31 18:50:31.797997+00'),
(14, 'auth', '0009_alter_user_last_name_max_length', '2020-12-31 18:50:31.854566+00'),
(15, 'auth', '0010_alter_group_name_max_length', '2020-12-31 18:50:31.948082+00'),
(16, 'auth', '0011_update_proxy_permissions', '2020-12-31 18:50:32.01666+00'),
(17, 'sessions', '0001_initial', '2020-12-31 18:50:32.21387+00'),
(18, 'unit_logs', '0001_initial', '2020-12-31 18:50:35.343121+00'),
(19, 'unit_logs', '0002_auto_20201231_1606', '2020-12-31 18:50:35.829182+00'),
(20, 'unit_logs', '0003_auto_20201231_1612', '2020-12-31 18:50:36.325011+00'),
(21, 'unit_logs', '0004_auto_20201231_1616', '2020-12-31 18:50:36.894679+00'),
(22, 'unit_logs', '0005_auto_20201231_1626', '2020-12-31 18:50:37.612068+00'),
(23, 'unit_logs', '0006_auto_20201231_1632', '2020-12-31 18:50:37.944955+00'),
(24, 'unit_logs', '0007_auto_20210106_1212', '2021-01-07 16:03:11.321947+00'),
(25, 'unit_logs', '0008_auto_20210107_1117', '2021-01-07 16:03:11.539572+00'),
(26, 'unit_logs', '0009_auto_20210107_1143', '2021-01-07 16:03:11.813547+00'),
(27, 'unit_logs', '0010_auto_20210107_1147', '2021-01-07 16:03:11.989425+00'),
(28, 'unit_logs', '0011_auto_20210107_1155', '2021-01-07 16:03:12.161894+00'),
(29, 'unit_logs', '0012_auto_20210107_1214', '2021-01-07 16:03:12.328718+00'),
(30, 'unit_logs', '0013_auto_20210107_1218', '2021-01-07 16:03:12.559117+00'),
(31, 'unit_logs', '0014_auto_20210107_1326', '2021-01-07 16:03:12.852874+00'),
(32, 'unit_logs', '0015_auto_20210107_1428', '2021-01-07 16:03:13.015005+00'),
(33, 'unit_logs', '0016_auto_20210107_1430', '2021-01-07 16:03:13.268433+00'),
(34, 'unit_logs', '0017_auto_20210107_1501', '2021-01-07 16:03:13.512278+00'),
(35, 'unit_logs', '0018_auto_20210108_1107', '2021-01-08 18:15:59.983557+00'),
(36, 'unit_logs', '0019_auto_20210108_1211', '2021-01-08 18:16:00.621059+00'),
(37, 'unit_logs', '0020_auto_20210108_1223', '2021-01-08 18:16:01.153393+00'),
(38, 'unit_logs', '0021_auto_20210108_1238', '2021-01-08 18:16:01.626346+00'),
(39, 'unit_logs', '0014_auto_20210108_1356', '2021-01-08 19:22:30.989561+00'),
(40, 'unit_logs', '0015_auto_20210108_1408', '2021-01-08 19:22:31.423773+00'),
(41, 'unit_logs', '0016_auto_20210108_1527', '2021-03-04 07:33:55.99995+00'),
(42, 'unit_logs', '0017_auto_20210108_1546', '2021-03-04 07:33:56.004301+00'),
(43, 'unit_logs', '0018_auto_20210226_1854', '2021-03-04 07:33:56.009314+00'),
(44, 'unit_logs', '0019_auto_20210303_2156', '2021-03-04 07:33:56.0147+00'),
(45, 'unit_logs', '0002_auto_20210304_0736', '2021-03-04 07:39:02.682049+00'),
(46, 'unit_logs', '0003_auto_20210304_0747', '2021-03-04 07:49:27.306801+00'),
(47, 'unit_logs', '0002_auto_20210304_0806', '2021-03-04 08:10:18.320612+00'),
(48, 'unit_logs', '0003_auto_20210304_1821', '2021-03-04 18:29:22.737817+00'),
(49, 'unit_logs', '0004_auto_20210304_1841', '2021-03-04 18:45:55.460675+00'),
(50, 'unit_logs', '0002_auto_20210616_1646', '2021-06-16 16:48:16.028353+00'),
(51, 'unit_logs', '0002_auto_20210616_1751', '2021-06-16 17:52:32.998829+00'),
(52, 'unit_logs', '0002_auto_20210617_0758', '2021-06-17 07:59:45.817938+00'),
(53, 'unit_logs', '0002_auto_20210629_1209', '2021-06-29 12:16:44.838788+00'),
(54, 'unit_logs', '0002_auto_20210629_1255', '2021-06-29 12:56:18.079422+00'),
(55, 'unit_logs', '0003_auto_20210629_1822', '2021-06-30 13:49:03.094406+00');

INSERT INTO "public"."django_session" ("session_key", "session_data", "expire_date") VALUES
('0luy2qchrez97o6gnzcdajo2q57tsw3i', 'NzgyMzQ3NzIzOTFjY2QyY2RlZWZlMzE1NDgwY2E0YzZlNDlmOWY1NDp7Il9hdXRoX3VzZXJfaWQiOiIyIiwiX2F1dGhfdXNlcl9iYWNrZW5kIjoiZGphbmdvLmNvbnRyaWIuYXV0aC5iYWNrZW5kcy5Nb2RlbEJhY2tlbmQiLCJfYXV0aF91c2VyX2hhc2giOiJmYTZhZjdjYWE0Y2M1NjdmMzJiNGRjNjMyNmM1MDE2ZTQyYzY0ZjBjIn0=', '2021-03-16 16:38:53.461118+00'),
('10wlbnv77g8jdue7e92dqsbfrojjzilf', 'NjAxMGI1ZjI1MTBjNGRhYjdhN2I2ZWVjNThhZjIwOTE5NWNhOTZjYTp7Il9hdXRoX3VzZXJfaWQiOiIxIiwiX2F1dGhfdXNlcl9iYWNrZW5kIjoiZGphbmdvLmNvbnRyaWIuYXV0aC5iYWNrZW5kcy5Nb2RlbEJhY2tlbmQiLCJfYXV0aF91c2VyX2hhc2giOiJhOWUwYTgwMmVmNWU4MTg3ODlkNmNmMWVjYjk2ODY2NmJlZjYxMzliIn0=', '2021-04-03 13:36:06.874353+00'),
('4414r1b4fgcw6tbfk7lxxvjxfe58zlx5', 'NzgyMzQ3NzIzOTFjY2QyY2RlZWZlMzE1NDgwY2E0YzZlNDlmOWY1NDp7Il9hdXRoX3VzZXJfaWQiOiIyIiwiX2F1dGhfdXNlcl9iYWNrZW5kIjoiZGphbmdvLmNvbnRyaWIuYXV0aC5iYWNrZW5kcy5Nb2RlbEJhY2tlbmQiLCJfYXV0aF91c2VyX2hhc2giOiJmYTZhZjdjYWE0Y2M1NjdmMzJiNGRjNjMyNmM1MDE2ZTQyYzY0ZjBjIn0=', '2021-02-01 11:18:20.140648+00'),
('52hurzabh6mj5yutx39k7ppps3e9vebc', 'NzgyMzQ3NzIzOTFjY2QyY2RlZWZlMzE1NDgwY2E0YzZlNDlmOWY1NDp7Il9hdXRoX3VzZXJfaWQiOiIyIiwiX2F1dGhfdXNlcl9iYWNrZW5kIjoiZGphbmdvLmNvbnRyaWIuYXV0aC5iYWNrZW5kcy5Nb2RlbEJhY2tlbmQiLCJfYXV0aF91c2VyX2hhc2giOiJmYTZhZjdjYWE0Y2M1NjdmMzJiNGRjNjMyNmM1MDE2ZTQyYzY0ZjBjIn0=', '2021-03-02 16:08:44.280637+00'),
('737mwo5n6tpv9j1k9te2nje7qysu736u', 'OWZlNDdkNjIzNGZjZTI5N2JjZjgwZTk2N2U4MjdhNDUxNDkyODAyZTp7Il9hdXRoX3VzZXJfaWQiOiIzIiwiX2F1dGhfdXNlcl9iYWNrZW5kIjoiZGphbmdvLmNvbnRyaWIuYXV0aC5iYWNrZW5kcy5Nb2RlbEJhY2tlbmQiLCJfYXV0aF91c2VyX2hhc2giOiIyNTI1Nzg0NTNmNjc4OTgzYjI0MzA1ZjA2MmU1OGY5OWJiMDY5ZDFhIn0=', '2021-03-30 13:28:23.871507+00'),
('8zch7gyxzdlzki9bmxu3mxk2b0j6a742', 'OWZlNDdkNjIzNGZjZTI5N2JjZjgwZTk2N2U4MjdhNDUxNDkyODAyZTp7Il9hdXRoX3VzZXJfaWQiOiIzIiwiX2F1dGhfdXNlcl9iYWNrZW5kIjoiZGphbmdvLmNvbnRyaWIuYXV0aC5iYWNrZW5kcy5Nb2RlbEJhY2tlbmQiLCJfYXV0aF91c2VyX2hhc2giOiIyNTI1Nzg0NTNmNjc4OTgzYjI0MzA1ZjA2MmU1OGY5OWJiMDY5ZDFhIn0=', '2021-02-13 13:51:45.761216+00'),
('935sd3fedl6ahhwipilrc1uhr6xmg91t', 'NzgyMzQ3NzIzOTFjY2QyY2RlZWZlMzE1NDgwY2E0YzZlNDlmOWY1NDp7Il9hdXRoX3VzZXJfaWQiOiIyIiwiX2F1dGhfdXNlcl9iYWNrZW5kIjoiZGphbmdvLmNvbnRyaWIuYXV0aC5iYWNrZW5kcy5Nb2RlbEJhY2tlbmQiLCJfYXV0aF91c2VyX2hhc2giOiJmYTZhZjdjYWE0Y2M1NjdmMzJiNGRjNjMyNmM1MDE2ZTQyYzY0ZjBjIn0=', '2021-06-29 08:24:21.432366+00'),
('9dbz5acbiemuvlf914idz1xts9tur1mk', 'OWZlNDdkNjIzNGZjZTI5N2JjZjgwZTk2N2U4MjdhNDUxNDkyODAyZTp7Il9hdXRoX3VzZXJfaWQiOiIzIiwiX2F1dGhfdXNlcl9iYWNrZW5kIjoiZGphbmdvLmNvbnRyaWIuYXV0aC5iYWNrZW5kcy5Nb2RlbEJhY2tlbmQiLCJfYXV0aF91c2VyX2hhc2giOiIyNTI1Nzg0NTNmNjc4OTgzYjI0MzA1ZjA2MmU1OGY5OWJiMDY5ZDFhIn0=', '2021-05-19 12:27:06.057437+00'),
('a92ae9srom9alu9l9h4fcy0k96w872xe', 'NjAxMGI1ZjI1MTBjNGRhYjdhN2I2ZWVjNThhZjIwOTE5NWNhOTZjYTp7Il9hdXRoX3VzZXJfaWQiOiIxIiwiX2F1dGhfdXNlcl9iYWNrZW5kIjoiZGphbmdvLmNvbnRyaWIuYXV0aC5iYWNrZW5kcy5Nb2RlbEJhY2tlbmQiLCJfYXV0aF91c2VyX2hhc2giOiJhOWUwYTgwMmVmNWU4MTg3ODlkNmNmMWVjYjk2ODY2NmJlZjYxMzliIn0=', '2021-02-24 12:05:11.778926+00'),
('boui28yxsbm0s1o6zh5pji5j1m4n50cx', 'OWZlNDdkNjIzNGZjZTI5N2JjZjgwZTk2N2U4MjdhNDUxNDkyODAyZTp7Il9hdXRoX3VzZXJfaWQiOiIzIiwiX2F1dGhfdXNlcl9iYWNrZW5kIjoiZGphbmdvLmNvbnRyaWIuYXV0aC5iYWNrZW5kcy5Nb2RlbEJhY2tlbmQiLCJfYXV0aF91c2VyX2hhc2giOiIyNTI1Nzg0NTNmNjc4OTgzYjI0MzA1ZjA2MmU1OGY5OWJiMDY5ZDFhIn0=', '2021-03-02 11:50:05.662428+00'),
('djwvfly81u4l39plh4pnlruhvox7tr2g', 'NjAxMGI1ZjI1MTBjNGRhYjdhN2I2ZWVjNThhZjIwOTE5NWNhOTZjYTp7Il9hdXRoX3VzZXJfaWQiOiIxIiwiX2F1dGhfdXNlcl9iYWNrZW5kIjoiZGphbmdvLmNvbnRyaWIuYXV0aC5iYWNrZW5kcy5Nb2RlbEJhY2tlbmQiLCJfYXV0aF91c2VyX2hhc2giOiJhOWUwYTgwMmVmNWU4MTg3ODlkNmNmMWVjYjk2ODY2NmJlZjYxMzliIn0=', '2021-02-17 11:01:56.367039+00'),
('eeq83vgqhj8x49r1llcq2jb0sb0nkllc', 'NjAxMGI1ZjI1MTBjNGRhYjdhN2I2ZWVjNThhZjIwOTE5NWNhOTZjYTp7Il9hdXRoX3VzZXJfaWQiOiIxIiwiX2F1dGhfdXNlcl9iYWNrZW5kIjoiZGphbmdvLmNvbnRyaWIuYXV0aC5iYWNrZW5kcy5Nb2RlbEJhY2tlbmQiLCJfYXV0aF91c2VyX2hhc2giOiJhOWUwYTgwMmVmNWU4MTg3ODlkNmNmMWVjYjk2ODY2NmJlZjYxMzliIn0=', '2021-01-20 10:09:35.890725+00'),
('epn4ltj6jgc1seqyim0zjf0qdix29y3t', 'OWZlNDdkNjIzNGZjZTI5N2JjZjgwZTk2N2U4MjdhNDUxNDkyODAyZTp7Il9hdXRoX3VzZXJfaWQiOiIzIiwiX2F1dGhfdXNlcl9iYWNrZW5kIjoiZGphbmdvLmNvbnRyaWIuYXV0aC5iYWNrZW5kcy5Nb2RlbEJhY2tlbmQiLCJfYXV0aF91c2VyX2hhc2giOiIyNTI1Nzg0NTNmNjc4OTgzYjI0MzA1ZjA2MmU1OGY5OWJiMDY5ZDFhIn0=', '2021-06-04 12:02:29.080082+00'),
('gxv5lfwlnjkban67h1bpghroyplr8p46', 'OTgyZDA3OWY5MzU3YTRiZDM0ZDVmNDIyZDVmM2M4NTIyOTZlNmZiNjp7Il9hdXRoX3VzZXJfaWQiOiI1IiwiX2F1dGhfdXNlcl9iYWNrZW5kIjoiZGphbmdvLmNvbnRyaWIuYXV0aC5iYWNrZW5kcy5Nb2RlbEJhY2tlbmQiLCJfYXV0aF91c2VyX2hhc2giOiIzNWYwZDIzY2JjZjMzMTk3ZjUyZGM3Y2U3MWQ0Y2NkMDgxMjBhMTNlIn0=', '2021-07-12 14:01:51.782419+00'),
('h99jmoa49mc13ggvabnwj85k0thukbph', 'NjAxMGI1ZjI1MTBjNGRhYjdhN2I2ZWVjNThhZjIwOTE5NWNhOTZjYTp7Il9hdXRoX3VzZXJfaWQiOiIxIiwiX2F1dGhfdXNlcl9iYWNrZW5kIjoiZGphbmdvLmNvbnRyaWIuYXV0aC5iYWNrZW5kcy5Nb2RlbEJhY2tlbmQiLCJfYXV0aF91c2VyX2hhc2giOiJhOWUwYTgwMmVmNWU4MTg3ODlkNmNmMWVjYjk2ODY2NmJlZjYxMzliIn0=', '2021-06-10 18:44:31.746849+00'),
('hs5p1arg7ewcias51y1ksxc5u40jgt06', 'YzZhMzU1MDJiN2I5ZGE5ODY5NTM0MzE1ODJkN2RmYTNjZGZlOWQ2MTp7Il9hdXRoX3VzZXJfaWQiOiI2IiwiX2F1dGhfdXNlcl9iYWNrZW5kIjoiZGphbmdvLmNvbnRyaWIuYXV0aC5iYWNrZW5kcy5Nb2RlbEJhY2tlbmQiLCJfYXV0aF91c2VyX2hhc2giOiJlMjUzYzJkNmQyMmRhNmQ1ZjE4OTE0YmYyNWU4N2RlZWRjZjRlNDFjIn0=', '2021-07-14 11:55:06.02026+00'),
('i7d0dv1rl60pgld03hi6xz5onozd0d9r', 'NzgyMzQ3NzIzOTFjY2QyY2RlZWZlMzE1NDgwY2E0YzZlNDlmOWY1NDp7Il9hdXRoX3VzZXJfaWQiOiIyIiwiX2F1dGhfdXNlcl9iYWNrZW5kIjoiZGphbmdvLmNvbnRyaWIuYXV0aC5iYWNrZW5kcy5Nb2RlbEJhY2tlbmQiLCJfYXV0aF91c2VyX2hhc2giOiJmYTZhZjdjYWE0Y2M1NjdmMzJiNGRjNjMyNmM1MDE2ZTQyYzY0ZjBjIn0=', '2021-02-16 14:06:48.618356+00'),
('ih04lzpnf4jo5wmljmth03b56nnowm05', 'OWZlNDdkNjIzNGZjZTI5N2JjZjgwZTk2N2U4MjdhNDUxNDkyODAyZTp7Il9hdXRoX3VzZXJfaWQiOiIzIiwiX2F1dGhfdXNlcl9iYWNrZW5kIjoiZGphbmdvLmNvbnRyaWIuYXV0aC5iYWNrZW5kcy5Nb2RlbEJhY2tlbmQiLCJfYXV0aF91c2VyX2hhc2giOiIyNTI1Nzg0NTNmNjc4OTgzYjI0MzA1ZjA2MmU1OGY5OWJiMDY5ZDFhIn0=', '2021-05-05 12:06:51.205924+00'),
('iurbhdg0y0qskxasioivct3n4d1ewly6', 'NzgyMzQ3NzIzOTFjY2QyY2RlZWZlMzE1NDgwY2E0YzZlNDlmOWY1NDp7Il9hdXRoX3VzZXJfaWQiOiIyIiwiX2F1dGhfdXNlcl9iYWNrZW5kIjoiZGphbmdvLmNvbnRyaWIuYXV0aC5iYWNrZW5kcy5Nb2RlbEJhY2tlbmQiLCJfYXV0aF91c2VyX2hhc2giOiJmYTZhZjdjYWE0Y2M1NjdmMzJiNGRjNjMyNmM1MDE2ZTQyYzY0ZjBjIn0=', '2021-04-22 07:02:33.569192+00'),
('jd0yhb8ke7vu4k4zqwyf3mtnwbxizje2', 'NjAxMGI1ZjI1MTBjNGRhYjdhN2I2ZWVjNThhZjIwOTE5NWNhOTZjYTp7Il9hdXRoX3VzZXJfaWQiOiIxIiwiX2F1dGhfdXNlcl9iYWNrZW5kIjoiZGphbmdvLmNvbnRyaWIuYXV0aC5iYWNrZW5kcy5Nb2RlbEJhY2tlbmQiLCJfYXV0aF91c2VyX2hhc2giOiJhOWUwYTgwMmVmNWU4MTg3ODlkNmNmMWVjYjk2ODY2NmJlZjYxMzliIn0=', '2021-02-17 15:48:36.239297+00'),
('jn00zuavh88gky1mdr84ld42c2pjmkq0', 'NzgyMzQ3NzIzOTFjY2QyY2RlZWZlMzE1NDgwY2E0YzZlNDlmOWY1NDp7Il9hdXRoX3VzZXJfaWQiOiIyIiwiX2F1dGhfdXNlcl9iYWNrZW5kIjoiZGphbmdvLmNvbnRyaWIuYXV0aC5iYWNrZW5kcy5Nb2RlbEJhY2tlbmQiLCJfYXV0aF91c2VyX2hhc2giOiJmYTZhZjdjYWE0Y2M1NjdmMzJiNGRjNjMyNmM1MDE2ZTQyYzY0ZjBjIn0=', '2021-01-16 10:43:45.424879+00'),
('k1k7mf581k9cbvqc6p41j3695q4r0dln', 'NzgyMzQ3NzIzOTFjY2QyY2RlZWZlMzE1NDgwY2E0YzZlNDlmOWY1NDp7Il9hdXRoX3VzZXJfaWQiOiIyIiwiX2F1dGhfdXNlcl9iYWNrZW5kIjoiZGphbmdvLmNvbnRyaWIuYXV0aC5iYWNrZW5kcy5Nb2RlbEJhY2tlbmQiLCJfYXV0aF91c2VyX2hhc2giOiJmYTZhZjdjYWE0Y2M1NjdmMzJiNGRjNjMyNmM1MDE2ZTQyYzY0ZjBjIn0=', '2021-05-27 09:41:04.358938+00'),
('nur28vr5eei0182u0jj2bx3dspr89ppz', 'OWZlNDdkNjIzNGZjZTI5N2JjZjgwZTk2N2U4MjdhNDUxNDkyODAyZTp7Il9hdXRoX3VzZXJfaWQiOiIzIiwiX2F1dGhfdXNlcl9iYWNrZW5kIjoiZGphbmdvLmNvbnRyaWIuYXV0aC5iYWNrZW5kcy5Nb2RlbEJhY2tlbmQiLCJfYXV0aF91c2VyX2hhc2giOiIyNTI1Nzg0NTNmNjc4OTgzYjI0MzA1ZjA2MmU1OGY5OWJiMDY5ZDFhIn0=', '2021-04-17 10:56:18.952976+00'),
('pdyk5oytbq9umk7y93ni3s39gh7j37wh', 'NzgyMzQ3NzIzOTFjY2QyY2RlZWZlMzE1NDgwY2E0YzZlNDlmOWY1NDp7Il9hdXRoX3VzZXJfaWQiOiIyIiwiX2F1dGhfdXNlcl9iYWNrZW5kIjoiZGphbmdvLmNvbnRyaWIuYXV0aC5iYWNrZW5kcy5Nb2RlbEJhY2tlbmQiLCJfYXV0aF91c2VyX2hhc2giOiJmYTZhZjdjYWE0Y2M1NjdmMzJiNGRjNjMyNmM1MDE2ZTQyYzY0ZjBjIn0=', '2021-05-13 08:00:42.725425+00'),
('pqvotvjvn97dh1rlyf5b08kbellzxv0z', 'OWZlNDdkNjIzNGZjZTI5N2JjZjgwZTk2N2U4MjdhNDUxNDkyODAyZTp7Il9hdXRoX3VzZXJfaWQiOiIzIiwiX2F1dGhfdXNlcl9iYWNrZW5kIjoiZGphbmdvLmNvbnRyaWIuYXV0aC5iYWNrZW5kcy5Nb2RlbEJhY2tlbmQiLCJfYXV0aF91c2VyX2hhc2giOiIyNTI1Nzg0NTNmNjc4OTgzYjI0MzA1ZjA2MmU1OGY5OWJiMDY5ZDFhIn0=', '2021-06-20 12:50:44.404024+00'),
('pvj35e9uf9gnrzy56p9n9diyxumxxypz', 'NjAxMGI1ZjI1MTBjNGRhYjdhN2I2ZWVjNThhZjIwOTE5NWNhOTZjYTp7Il9hdXRoX3VzZXJfaWQiOiIxIiwiX2F1dGhfdXNlcl9iYWNrZW5kIjoiZGphbmdvLmNvbnRyaWIuYXV0aC5iYWNrZW5kcy5Nb2RlbEJhY2tlbmQiLCJfYXV0aF91c2VyX2hhc2giOiJhOWUwYTgwMmVmNWU4MTg3ODlkNmNmMWVjYjk2ODY2NmJlZjYxMzliIn0=', '2021-03-18 07:17:37.312101+00'),
('t5hegp0993iii5kb1fsfjmzjleptuard', 'NzFhYmEzZjc5YWY4MGFiNjY3ZDNlOTljYWEzNGQyZDVlMzlhNjRlOTp7Il9hdXRoX3VzZXJfaWQiOiI0IiwiX2F1dGhfdXNlcl9iYWNrZW5kIjoiZGphbmdvLmNvbnRyaWIuYXV0aC5iYWNrZW5kcy5Nb2RlbEJhY2tlbmQiLCJfYXV0aF91c2VyX2hhc2giOiJiMjNmZDIyNDI3OThlNTg1NzIyZmE3MTdkNzg4NTEzZDA3MWZlNjBhIn0=', '2021-06-28 10:19:11.750373+00'),
('tdwt04wlco72m2gdk6qih5zixzj1wrj5', 'OWZlNDdkNjIzNGZjZTI5N2JjZjgwZTk2N2U4MjdhNDUxNDkyODAyZTp7Il9hdXRoX3VzZXJfaWQiOiIzIiwiX2F1dGhfdXNlcl9iYWNrZW5kIjoiZGphbmdvLmNvbnRyaWIuYXV0aC5iYWNrZW5kcy5Nb2RlbEJhY2tlbmQiLCJfYXV0aF91c2VyX2hhc2giOiIyNTI1Nzg0NTNmNjc4OTgzYjI0MzA1ZjA2MmU1OGY5OWJiMDY5ZDFhIn0=', '2021-03-16 12:42:08.65261+00'),
('tv4y2b19j1mf4f8mchlsmel39h7k06ck', 'NjAxMGI1ZjI1MTBjNGRhYjdhN2I2ZWVjNThhZjIwOTE5NWNhOTZjYTp7Il9hdXRoX3VzZXJfaWQiOiIxIiwiX2F1dGhfdXNlcl9iYWNrZW5kIjoiZGphbmdvLmNvbnRyaWIuYXV0aC5iYWNrZW5kcy5Nb2RlbEJhY2tlbmQiLCJfYXV0aF91c2VyX2hhc2giOiJhOWUwYTgwMmVmNWU4MTg3ODlkNmNmMWVjYjk2ODY2NmJlZjYxMzliIn0=', '2021-05-20 10:28:39.711524+00'),
('txa8y97hqx66y8b9i6pbsn3oqevmsdr0', 'YzZhMzU1MDJiN2I5ZGE5ODY5NTM0MzE1ODJkN2RmYTNjZGZlOWQ2MTp7Il9hdXRoX3VzZXJfaWQiOiI2IiwiX2F1dGhfdXNlcl9iYWNrZW5kIjoiZGphbmdvLmNvbnRyaWIuYXV0aC5iYWNrZW5kcy5Nb2RlbEJhY2tlbmQiLCJfYXV0aF91c2VyX2hhc2giOiJlMjUzYzJkNmQyMmRhNmQ1ZjE4OTE0YmYyNWU4N2RlZWRjZjRlNDFjIn0=', '2021-07-14 17:40:19.584941+00'),
('v3ad4w06ho2v5s7zcgs9old6c78sfiur', 'NzgyMzQ3NzIzOTFjY2QyY2RlZWZlMzE1NDgwY2E0YzZlNDlmOWY1NDp7Il9hdXRoX3VzZXJfaWQiOiIyIiwiX2F1dGhfdXNlcl9iYWNrZW5kIjoiZGphbmdvLmNvbnRyaWIuYXV0aC5iYWNrZW5kcy5Nb2RlbEJhY2tlbmQiLCJfYXV0aF91c2VyX2hhc2giOiJmYTZhZjdjYWE0Y2M1NjdmMzJiNGRjNjMyNmM1MDE2ZTQyYzY0ZjBjIn0=', '2021-06-10 17:10:53.938184+00'),
('x9b345pn88ovixhhc4ir5ev7c8nvn4m6', 'OWZlNDdkNjIzNGZjZTI5N2JjZjgwZTk2N2U4MjdhNDUxNDkyODAyZTp7Il9hdXRoX3VzZXJfaWQiOiIzIiwiX2F1dGhfdXNlcl9iYWNrZW5kIjoiZGphbmdvLmNvbnRyaWIuYXV0aC5iYWNrZW5kcy5Nb2RlbEJhY2tlbmQiLCJfYXV0aF91c2VyX2hhc2giOiIyNTI1Nzg0NTNmNjc4OTgzYjI0MzA1ZjA2MmU1OGY5OWJiMDY5ZDFhIn0=', '2021-02-01 10:58:55.918124+00'),
('xa0cyfsdoqd4ym47ri5h71l229fv8lez', 'NzgyMzQ3NzIzOTFjY2QyY2RlZWZlMzE1NDgwY2E0YzZlNDlmOWY1NDp7Il9hdXRoX3VzZXJfaWQiOiIyIiwiX2F1dGhfdXNlcl9iYWNrZW5kIjoiZGphbmdvLmNvbnRyaWIuYXV0aC5iYWNrZW5kcy5Nb2RlbEJhY2tlbmQiLCJfYXV0aF91c2VyX2hhc2giOiJmYTZhZjdjYWE0Y2M1NjdmMzJiNGRjNjMyNmM1MDE2ZTQyYzY0ZjBjIn0=', '2021-07-14 13:03:20.317328+00'),
('xk0drzqj7u6uck85zip185h2phpmazid', 'NjAxMGI1ZjI1MTBjNGRhYjdhN2I2ZWVjNThhZjIwOTE5NWNhOTZjYTp7Il9hdXRoX3VzZXJfaWQiOiIxIiwiX2F1dGhfdXNlcl9iYWNrZW5kIjoiZGphbmdvLmNvbnRyaWIuYXV0aC5iYWNrZW5kcy5Nb2RlbEJhY2tlbmQiLCJfYXV0aF91c2VyX2hhc2giOiJhOWUwYTgwMmVmNWU4MTg3ODlkNmNmMWVjYjk2ODY2NmJlZjYxMzliIn0=', '2021-07-14 09:02:21.375949+00'),
('xkuero2wxczthv1fndzctv11ctjhue82', 'NzgyMzQ3NzIzOTFjY2QyY2RlZWZlMzE1NDgwY2E0YzZlNDlmOWY1NDp7Il9hdXRoX3VzZXJfaWQiOiIyIiwiX2F1dGhfdXNlcl9iYWNrZW5kIjoiZGphbmdvLmNvbnRyaWIuYXV0aC5iYWNrZW5kcy5Nb2RlbEJhY2tlbmQiLCJfYXV0aF91c2VyX2hhc2giOiJmYTZhZjdjYWE0Y2M1NjdmMzJiNGRjNjMyNmM1MDE2ZTQyYzY0ZjBjIn0=', '2021-04-01 10:22:56.655124+00'),
('z8p8z6zedkp9i21r8ykchuwdl5akc4y3', 'NjAxMGI1ZjI1MTBjNGRhYjdhN2I2ZWVjNThhZjIwOTE5NWNhOTZjYTp7Il9hdXRoX3VzZXJfaWQiOiIxIiwiX2F1dGhfdXNlcl9iYWNrZW5kIjoiZGphbmdvLmNvbnRyaWIuYXV0aC5iYWNrZW5kcy5Nb2RlbEJhY2tlbmQiLCJfYXV0aF91c2VyX2hhc2giOiJhOWUwYTgwMmVmNWU4MTg3ODlkNmNmMWVjYjk2ODY2NmJlZjYxMzliIn0=', '2021-02-01 10:57:22.803102+00'),
('zmc3aat0zynvstfbsyfs6uxcm6t6uo1x', 'NjAxMGI1ZjI1MTBjNGRhYjdhN2I2ZWVjNThhZjIwOTE5NWNhOTZjYTp7Il9hdXRoX3VzZXJfaWQiOiIxIiwiX2F1dGhfdXNlcl9iYWNrZW5kIjoiZGphbmdvLmNvbnRyaWIuYXV0aC5iYWNrZW5kcy5Nb2RlbEJhY2tlbmQiLCJfYXV0aF91c2VyX2hhc2giOiJhOWUwYTgwMmVmNWU4MTg3ODlkNmNmMWVjYjk2ODY2NmJlZjYxMzliIn0=', '2021-02-08 15:18:26.304796+00');

INSERT INTO "public"."unit_logs_arkle" ("id", "number", "date_added", "status", "start_date") VALUES
(21, 103, '2021-04-29', 'In Service', NULL),
(22, 122, '2021-05-13', 'In Service', NULL),
(23, 127, '2021-05-13', 'In Service', NULL),
(24, 57, '2021-06-16', 'In Repair', '2019-08-01'),
(25, 37, '2021-06-16', 'Not In Service', '2019-08-01'),
(26, 44, '2021-06-16', 'Not In Service', '2019-08-01'),
(27, 56, '2021-06-16', 'Not In Service', '2019-08-01'),
(28, 49, '2021-06-16', 'Not In Service', '2019-08-01'),
(29, 87, '2021-06-16', 'Not In Service', '2019-09-01'),
(30, 50, '2021-06-16', 'Not In Service', '2019-08-01'),
(31, 102, '2021-04-29', 'Not In Service', NULL),
(32, 12, '2021-06-16', 'Not In Service', '2019-08-01'),
(33, 34, '2021-06-16', 'Not In Service', '2019-08-01'),
(34, 29, '2021-06-16', 'Not In Service', '2019-08-01'),
(35, 72, '2021-06-16', 'Not In Service', '2019-09-01'),
(36, 36, '2021-06-16', 'Not In Service', '2019-08-01'),
(37, 134, '2021-04-29', 'Not In Service', NULL),
(38, 32, '2021-06-16', 'Not In Service', '2019-08-01'),
(39, 18, '2021-06-16', 'Not In Service', '2019-08-01'),
(40, 20, '2021-06-16', 'Not In Service', '2019-08-01'),
(41, 79, '2021-06-16', 'Not In Service', '2019-09-01'),
(42, 35, '2021-06-16', 'Not In Service', '2019-08-01'),
(43, 62, '2021-06-16', 'Not In Service', '2019-08-01'),
(44, 121, '2021-04-29', 'Not In Service', NULL),
(45, 3, '2021-06-16', 'Not In Service', '2019-08-01'),
(46, 117, '2021-04-29', 'Not In Service', NULL),
(47, 82, '2021-06-16', 'Not In Service', '2019-09-01'),
(48, 2, '2021-06-16', 'Not In Service', '2019-08-01'),
(49, 132, '2021-04-29', 'Not In Service', NULL),
(50, 63, '2021-06-16', 'Not In Service', '2019-08-01'),
(51, 130, '2021-04-29', 'Not In Service', NULL),
(52, 86, '2021-06-16', 'Not In Service', '2019-09-01'),
(53, 129, '2021-04-29', 'Not In Service', NULL),
(54, 139, '2021-04-29', 'Not In Service', NULL),
(55, 54, '2021-06-16', 'Not In Service', '2019-08-01'),
(56, 116, '2021-04-29', 'Not In Service', NULL),
(57, 140, '2021-04-29', 'Not In Service', NULL),
(58, 135, '2021-04-29', 'Not In Service', NULL),
(59, 30, '2021-06-16', 'Not In Service', '2019-08-01'),
(60, 109, '2021-04-29', 'Not In Service', NULL),
(61, 125, '2021-04-29', 'Not In Service', NULL),
(62, 115, '2021-04-29', 'Not In Service', NULL),
(63, 123, '2021-04-29', 'Not In Service', NULL),
(64, 41, '2021-06-16', 'Not In Service', '2019-08-01'),
(65, 83, '2021-06-16', 'Not In Service', '2019-09-01'),
(66, 126, '2021-04-29', 'Not In Service', NULL),
(67, 13, '2021-06-16', 'Not In Service', '2019-08-01'),
(68, 131, '2021-04-29', 'Not In Service', NULL),
(69, 105, '2021-04-29', 'Not In Service', NULL),
(70, 128, '2021-04-29', 'Not In Service', NULL),
(71, 133, '2021-04-29', 'Not In Service', NULL),
(72, 138, '2021-04-29', 'Not In Service', NULL),
(73, 73, '2021-06-16', 'Not In Service', '2019-09-01'),
(74, 101, '2021-04-29', 'Not In Service', NULL),
(75, 137, '2021-04-29', 'Not In Service', NULL),
(76, 43, '2021-06-16', 'Not In Service', '2019-08-01'),
(77, 136, '2021-04-29', 'Not In Service', NULL),
(78, 1, '2021-06-16', 'Not In Service', '2019-08-01'),
(79, 124, '2021-06-02', 'In Service', NULL),
(80, 9, '2021-06-16', 'In Repair', '2019-08-01'),
(81, 141, '2021-01-06', 'In Service', NULL),
(82, 40, '2021-06-16', 'Not In Service', '2019-08-01'),
(83, 7, '2021-06-16', 'In Repair', '2019-08-01'),
(84, 69, '2021-06-16', 'In Service', '2019-09-01'),
(85, 55, '2021-06-16', 'In Service', '2019-08-01'),
(86, 6, '2021-06-16', 'In Service', '2019-08-01'),
(87, 47, '2021-06-16', 'In Repair', '2019-08-01'),
(88, 89, '2021-06-16', 'In Service', '2019-09-01'),
(89, 21, '2021-06-16', 'In Repair', '2019-08-01'),
(90, 110, '2021-01-07', 'Not In Service', NULL),
(91, 118, '2021-01-07', 'Not In Service', NULL),
(92, 142, '2021-06-14', 'In Service', NULL),
(93, 33, '2021-06-16', 'In Service', '2019-08-01'),
(94, 8, '2021-06-16', 'Not In Service', '2019-08-01'),
(95, 65, '2021-06-16', 'In Repair', '2019-08-01'),
(96, 58, '2021-06-16', 'In Repair', '2019-08-01'),
(97, 10, '2021-06-16', 'Not In Service', '2019-08-01'),
(98, 77, '2021-06-16', 'In Repair', '2019-09-01'),
(99, 19, '2021-06-16', 'In Repair', '2019-08-01'),
(100, 27, '2021-06-16', 'In Service', '2019-08-01'),
(101, 113, '2021-01-07', 'In Service', NULL),
(102, 107, '2021-01-07', 'Not In Service', NULL),
(104, 67, '2021-06-16', 'In Repair', '2019-08-01'),
(105, 75, '2021-06-16', 'Not In Service', '2019-09-01'),
(106, 16, '2021-06-16', 'Not In Service', '2019-08-01'),
(107, 4, '2021-06-16', 'In Repair', '2019-08-01'),
(108, 71, '2021-06-16', 'Not In Service', '2019-09-01'),
(109, 61, '2021-06-16', 'In Repair', '2019-08-01'),
(110, 22, '2021-06-16', 'In Service', '2019-08-01'),
(111, 15, '2021-06-16', 'In Repair', '2019-08-01'),
(112, 76, '2021-06-16', 'In Repair', '2019-09-01'),
(113, 42, '2021-06-16', 'In Repair', '2019-08-01'),
(114, 48, '2021-06-16', 'Not In Service', '2019-08-01'),
(115, 120, '2021-06-08', 'Not In Service', NULL),
(116, 66, '2021-06-16', 'Not In Service', '2019-08-01'),
(117, 68, '2021-06-16', 'In Repair', '2019-09-01'),
(118, 25, '2021-06-16', 'In Service', '2019-08-01'),
(119, 78, '2021-06-28', 'In Service', '2019-09-01'),
(120, 53, '2021-06-16', 'Not In Service', '2019-08-01'),
(121, 111, '2021-01-11', 'Not In Service', NULL),
(122, 104, '2021-01-11', 'Not In Service', NULL),
(123, 114, '2021-01-11', 'Not In Service', NULL),
(124, 5, '2021-06-16', 'Not In Service', '2019-08-01'),
(125, 46, '2021-06-16', 'Not In Service', '2019-08-01'),
(126, 24, '2021-06-16', 'Not In Service', '2019-08-01'),
(127, 52, '2021-06-16', 'In Repair', '2019-08-01'),
(128, 38, '2021-06-16', 'In Repair', '2019-08-01'),
(129, 70, '2021-06-28', 'In Service', '2019-09-01'),
(130, 28, '2021-06-16', 'Not In Service', '2019-08-01'),
(131, 39, '2021-06-16', 'Not In Service', '2019-08-01'),
(132, 26, '2021-06-16', 'In Service', '2019-08-01'),
(133, 112, '2021-05-06', 'In Repair', NULL),
(134, 59, '2021-06-16', 'Not In Service', '2019-08-01'),
(135, 17, '2021-06-16', 'In Service', '2019-08-01'),
(136, 80, '2021-06-16', 'Not In Service', '2019-09-01'),
(137, 51, '2021-06-16', 'In Repair', '2019-08-01'),
(138, 144, '2021-04-29', 'In Service', NULL),
(139, 143, '2021-05-21', 'In Service', NULL),
(140, 162, '2021-05-21', 'In Service', NULL),
(141, 160, '2021-04-29', 'In Service', NULL),
(142, 161, '2021-06-14', 'In Service', NULL),
(143, 172, '2021-06-14', 'In Service', NULL),
(144, 167, '2021-06-14', 'In Service', NULL),
(145, 171, '2021-05-21', 'In Service', NULL),
(146, 164, '2021-05-26', 'In Service', NULL),
(147, 158, '2021-05-12', 'In Service', NULL),
(148, 170, '2021-06-11', 'In Service', NULL),
(149, 176, '2021-06-14', 'In Service', NULL),
(150, 168, '2021-04-29', 'In Service', NULL),
(151, 174, '2021-06-14', 'In Service', NULL),
(152, 173, '2021-04-29', 'In Service', NULL),
(153, 145, '2021-06-14', 'In Service', NULL),
(154, 157, '2021-04-29', 'In Service', NULL),
(155, 166, '2021-06-14', 'In Service', NULL),
(156, 169, '2021-06-14', 'In Service', NULL),
(157, 175, '2021-06-14', 'In Service', NULL),
(158, 152, '2021-06-14', 'In Service', NULL),
(159, 155, '2021-04-29', 'In Service', NULL),
(160, 165, '2021-06-14', 'In Service', NULL),
(161, 159, '2021-06-14', 'In Service', NULL),
(162, 151, '2021-06-02', 'In Service', NULL),
(163, 156, '2021-05-21', 'In Service', NULL),
(164, 154, '2021-06-02', 'In Service', NULL),
(165, 163, '2021-06-08', 'In Service', NULL),
(166, 179, '2021-06-16', 'In Service', '2021-05-01'),
(167, 180, '2021-06-16', 'In Service', '2021-05-01'),
(168, 182, '2021-06-16', 'In Service', '2021-05-01'),
(169, 185, '2021-06-16', 'In Service', '2021-05-01'),
(170, 184, '2021-06-16', 'In Service', '2021-05-01'),
(171, 186, '2021-06-16', 'In Service', '2021-05-01'),
(172, 187, '2021-06-16', 'In Service', '2021-05-01'),
(173, 178, '2021-06-16', 'In Service', '2021-05-01'),
(174, 183, '2021-06-16', 'In Service', '2021-05-01'),
(175, 195, '2021-06-16', 'In Service', '2021-05-01'),
(176, 190, '2021-06-16', 'In Service', '2021-05-01'),
(177, 189, '2021-06-16', 'In Service', '2021-05-01'),
(178, 192, '2021-06-16', 'In Service', '2021-05-01'),
(179, 191, '2021-06-16', 'In Service', '2021-05-01'),
(180, 194, '2021-06-16', 'In Service', '2021-05-01'),
(181, 193, '2021-06-16', 'In Service', '2021-05-01'),
(182, 14, '2021-06-16', 'Not In Service', '2019-08-01'),
(183, 23, '2021-06-16', 'Not In Service', '2019-08-01'),
(184, 64, '2021-06-16', 'Not In Service', '2019-08-01'),
(185, 74, '2021-06-16', 'Not In Service', '2019-09-01'),
(187, 1000, '2021-06-16', 'In Service', NULL),
(188, 2000, '2021-06-29', 'In Service', NULL);

INSERT INTO "public"."unit_logs_arkle_entry" ("id", "date_added", "status", "venue", "comments", "arkle_id") VALUES
(11, '2021-01-07 11:24:40.37893+00', 'Failed Battery', 'Kempton Park', '', 88),
(13, '2021-01-07 16:36:37.568223+00', 'Out of Service and Returned for Refurb', 'Kempton Park', '', 98),
(14, '2021-01-07 16:58:40.857035+00', 'Out of Service and Returned for Refurb', 'Kempton Park', '', 99),
(15, '2021-01-13 20:05:10.887413+00', 'On Course - Racing: Not to course', 'Kempton Park', '', 106),
(16, '2021-01-13 20:05:30.546907+00', 'On Course - Racing: Not to course', 'Kempton Park', '', 97),
(17, '2021-01-13 20:05:42.939354+00', 'On Course - Racing: Not to course', 'Kempton Park', '', 110),
(18, '2021-01-13 20:05:56.909136+00', 'On Course - Racing: Not to course', 'Kempton Park', '', 104),
(19, '2021-01-13 20:06:10.735541+00', 'On Course - Racing: Not to course', 'Kempton Park', '', 129),
(20, '2021-01-18 11:26:52.214786+00', 'On Course - Test: No Solid White', 'Ayr', 'high red values', 48),
(21, '2021-01-18 11:27:11.382502+00', 'On Course - Test: No Solid White', 'Ayr', 'high red values', 26),
(22, '2021-01-18 13:03:10.582264+00', 'On Course - Racing: Stuck on track', 'Ayr', 'stuck mid race', 28),
(23, '2021-01-18 14:05:36.405025+00', 'On Course - Racing: Not to course', 'Ayr', '', 41),
(24, '2021-01-18 14:06:02.670965+00', 'On Course - Racing: Not to course', 'Ayr', '', 30),
(25, '2021-01-18 14:06:36.665017+00', 'On Course - Racing: Stuck on track', 'Ayr', '', 55),
(26, '2021-01-18 14:06:49.276653+00', 'On Course - Racing: Stuck on track', 'Kempton Park', '', 75),
(27, '2021-01-18 14:40:05.081196+00', 'On Course - Racing: Not to course', 'Ayr', '', 71),
(28, '2021-01-18 14:40:24.694042+00', 'On Course - Racing: Stuck on track', 'Ayr', '', 59),
(29, '2021-01-18 14:40:39.28434+00', 'On Course - Racing: Stuck on track', 'Ayr', '', 34),
(30, '2021-01-18 14:40:58.964613+00', 'On Course - Racing: Stuck on track', 'Ayr', '', 44),
(31, '2021-01-18 14:41:11.737846+00', 'On Course - Racing: Stuck on track', 'Ayr', '', 38),
(32, '2021-01-18 15:11:57.047842+00', 'On Course - Racing: Not to course', 'Ayr', '', 60),
(33, '2021-01-18 15:12:22.08661+00', 'On Course - Racing: Not to course', 'Ayr', '', 24),
(34, '2021-01-18 15:12:47.18508+00', 'On Course - Racing: Stuck on track', 'Ayr', '', 46),
(35, '2021-01-18 15:13:04.240531+00', 'On Course - Racing: Stuck on track', 'Ayr', '', 72),
(36, '2021-01-18 15:13:33.613478+00', 'On Course - Racing: Stuck on track', 'Ayr', '', 57),
(37, '2021-01-18 15:36:27.463816+00', 'On Course - Racing: Stuck on track', 'Ayr', '', 45),
(38, '2021-01-18 15:36:37.920475+00', 'On Course - Racing: Stuck on track', 'Ayr', '', 78),
(39, '2021-01-18 15:36:50.021437+00', 'On Course - Racing: Stuck on track', 'Ayr', '', 52),
(40, '2021-01-18 15:37:19.684102+00', 'On Course - Racing: Stuck on track', 'Ayr', '', 30),
(41, '2021-01-18 15:44:37.023981+00', 'On Course - Racing: Stuck on track', 'Ayr', '', 56),
(42, '2021-01-19 13:29:07.168187+00', 'On Course - Racing: Not to course', 'Exeter', '', 105),
(43, '2021-01-19 14:25:51.34692+00', 'On Course - Racing: Not to course', 'Exeter', '', 97),
(44, '2021-01-19 14:53:41.959211+00', 'On Course - Racing: Not to course', 'Exeter', '', 111),
(45, '2021-01-19 14:54:00.834006+00', 'On Course - Racing: Not to course', 'Exeter', '', 104),
(46, '2021-01-19 14:54:14.888406+00', 'On Course - Racing: Not to course', 'Exeter', '', 87),
(47, '2021-01-19 15:22:23.245265+00', 'On Course - Racing: Not to course', 'Exeter', '', 129),
(48, '2021-01-20 13:33:51.225604+00', 'On Course - Racing: Stuck on track', 'Newbury', '', 21),
(49, '2021-01-20 14:38:01.01042+00', 'On Course - Racing: Not to course', 'Newbury', '', 100),
(50, '2021-01-20 14:38:23.463682+00', 'On Course - Racing: Not to course', 'Newbury', '', 104),
(51, '2021-01-21 13:28:30.553102+00', 'On Course - Racing: Not to course', 'Wincanton', '', 111),
(52, '2021-01-21 13:29:15.536696+00', 'On Course - Racing: Not to course', 'Wincanton', '', 106),
(53, '2021-01-21 13:29:57.596107+00', 'On Course - Racing: Not to course', 'Wincanton', '', 127),
(54, '2021-01-21 13:31:20.221519+00', 'On Course - Racing: Stuck on track', 'Wincanton', '', 105),
(55, '2021-01-21 14:00:39.303444+00', 'On Course - Racing: Not to course', 'Wincanton', '', 128),
(56, '2021-01-22 13:33:08.438669+00', 'On Course - Racing: Stuck on track', 'Musselburgh', '', 46),
(57, '2021-01-22 13:36:07.685935+00', 'On Course - Racing: Stuck on track', 'Musselburgh', '', 40),
(58, '2021-01-27 18:25:35.937949+00', 'On Course - Racing: Not to course', 'Kempton Park', '', 89),
(59, '2021-01-27 18:25:59.321005+00', 'On Course - Racing: Stuck on track', 'Kempton Park', '', 21),
(60, '2021-02-06 14:15:25.891149+00', 'On Course - Racing: Not to course', 'Musselburgh', '', 95),
(61, '2021-02-06 14:15:52.208567+00', 'On Course - Racing: Not to course', 'Musselburgh', '', 97),
(62, '2021-02-06 14:16:09.831519+00', 'On Course - Racing: Not to course', 'Musselburgh', '', 104),
(63, '2021-02-06 14:16:23.868225+00', 'On Course - Racing: Not to course', 'Musselburgh', '', 127),
(64, '2021-02-06 14:16:38.291051+00', 'On Course - Racing: Not to course', 'Musselburgh', '', 89),
(65, '2021-02-06 14:16:57.210925+00', 'On Course - Racing: Not to course', 'Musselburgh', '', 129),
(66, '2021-02-06 14:49:14.337548+00', 'On Course - Racing: Stuck on track', 'Musselburgh', '', 106),
(67, '2021-02-07 13:49:27.387685+00', 'On Course - Racing: Not to course', 'Musselburgh', '', 83),
(68, '2021-02-11 14:46:47.315007+00', 'On Course - Racing: Not to course', 'Kempton Park', '', 111),
(69, '2021-02-16 12:41:46.564071+00', 'On Course - Racing: Not to course', 'Carlisle', '', 129),
(70, '2021-02-16 12:42:00.367603+00', 'On Course - Racing: Not to course', 'Carlisle', '', 110),
(71, '2021-02-16 12:42:15.13203+00', 'On Course - Racing: Not to course', 'Carlisle', '', 87),
(72, '2021-02-16 12:42:31.132158+00', 'On Course - Racing: Not to course', 'Carlisle', '', 128),
(73, '2021-02-16 12:42:51.459001+00', 'On Course - Racing: Stuck on track', 'Carlisle', '', 99),
(74, '2021-02-16 12:43:05.92472+00', 'On Course - Racing: Stuck on track', 'Carlisle', '', 93),
(75, '2021-02-16 12:43:23.822404+00', 'On Course - Racing: Stuck on track', 'Carlisle', '', 86),
(76, '2021-02-16 14:04:24.568184+00', 'On Course - Racing: Not to course', 'Carlisle', '', 83),
(77, '2021-02-16 14:04:42.643684+00', 'On Course - Racing: Not to course', 'Carlisle', '', 135),
(78, '2021-02-19 13:22:31.88049+00', 'On Course - Racing: Not to course', 'Kelso', '', 21),
(79, '2021-02-19 15:31:27.573414+00', 'On Course - Racing: Stuck on track', 'Kelso', '', 93),
(80, '2021-02-19 15:31:44.464043+00', 'On Course - Racing: Stuck on track', 'Kelso', '', 99),
(81, '2021-02-22 13:20:57.788599+00', 'On Course - Racing: Not to course', 'Carlisle', '', 100),
(82, '2021-02-22 13:21:29.764193+00', 'On Course - Racing: Not to course', 'Carlisle', '', 128),
(83, '2021-02-22 13:22:02.83809+00', 'On Course - Racing: Not to course', 'Carlisle', '', 89),
(84, '2021-02-22 13:22:35.630947+00', 'On Course - Racing: Not to course', 'Carlisle', '', 87),
(85, '2021-02-22 14:51:22.054776+00', 'On Course - Racing: Stuck on track', 'Carlisle', '', 106),
(86, '2021-02-22 14:51:58.466857+00', 'On Course - Racing: Stuck on track', 'Carlisle', '', 95),
(87, '2021-02-22 14:52:18.343441+00', 'On Course - Racing: Stuck on track', 'Carlisle', '', 83),
(88, '2021-03-01 13:29:13.217415+00', 'On Course - Test: No Orange', 'Ayr', 'no lights', 111),
(89, '2021-03-01 13:29:27.109566+00', 'On Course - Test: No Orange', 'Ayr', 'no lights', 87),
(90, '2021-03-01 13:29:42.313456+00', 'On Course - Test: No Orange', 'Ayr', 'no lights', 96),
(91, '2021-03-01 13:29:59.719075+00', 'On Course - Racing: Not to course', 'Ayr', '', 83),
(92, '2021-03-01 13:30:19.707198+00', 'On Course - Racing: Not to course', 'Ayr', '', 80),
(93, '2021-03-01 13:30:33.100835+00', 'On Course - Racing: Not to course', 'Ayr', '', 93),
(94, '2021-03-01 14:03:50.907977+00', 'On Course - Racing: Not to course', 'Ayr', '', 128),
(95, '2021-03-01 14:04:02.872672+00', 'On Course - Racing: Not to course', 'Ayr', '', 129),
(96, '2021-03-01 14:04:27.964084+00', 'On Course - Racing: Not to course', 'Ayr', '', 104),
(97, '2021-03-01 14:04:39.49112+00', 'On Course - Racing: Not to course', 'Ayr', '', 85),
(98, '2021-03-01 14:04:50.051127+00', 'On Course - Racing: Not to course', 'Ayr', '', 22),
(99, '2021-03-01 15:13:13.450793+00', 'On Course - Racing: Not to course', 'Ayr', '', 69),
(100, '2021-03-01 15:13:33.670462+00', 'On Course - Racing: Not to course', 'Ayr', '', 127),
(101, '2021-03-01 16:05:22.403481+00', 'On Course - Racing: Not to course', 'Ayr', '', 100),
(102, '2021-03-01 16:05:36.261157+00', 'On Course - Racing: Not to course', 'Ayr', '', 110),
(103, '2021-03-01 16:05:49.73155+00', 'On Course - Racing: Stuck on track', 'Ayr', '', 92),
(104, '2021-03-22 14:22:58.083587+00', 'On Course - Test: No Solid White', 'Kelso', '', 111),
(105, '2021-03-22 14:23:14.017079+00', 'On Course - Test: No Solid White', 'Kelso', '', 128),
(106, '2021-03-22 14:55:22.898111+00', 'On Course - Racing: Stuck on track', 'Kelso', '', 93),
(107, '2021-03-22 14:56:02.578768+00', 'On Course - Racing: Stuck on track', 'Kelso', '', 83),
(108, '2021-03-22 16:02:05.142035+00', 'On Course - Racing: Not to course', 'Kelso', '', 86),
(109, '2021-03-22 16:03:35.223591+00', 'On Course - Racing: Stuck on track', 'Kelso', '', 21),
(110, '2021-03-26 14:08:52.52599+00', 'On Course - Racing: Stuck on track', 'Musselburgh', '', 21),
(111, '2021-03-26 15:44:00.183417+00', 'On Course - Racing: Not to course', 'Musselburgh', '', 110),
(112, '2021-03-26 15:44:17.40258+00', 'On Course - Racing: Not to course', 'Musselburgh', '', 104),
(113, '2021-03-26 15:44:45.174283+00', 'On Course - Racing: Not to course', 'Musselburgh', '', 96),
(114, '2021-03-26 15:45:07.48694+00', 'On Course - Racing: Not to course', 'Musselburgh', '', 88),
(115, '2021-03-26 16:17:04.041343+00', 'On Course - Racing: Not to course', 'Musselburgh', '', 85),
(116, '2021-03-26 16:17:21.547448+00', 'On Course - Racing: Not to course', 'Musselburgh', '', 136),
(117, '2021-03-26 16:18:10.18537+00', 'On Course - Racing: Not to course', 'Musselburgh', '', 128),
(118, '2021-03-27 12:31:08.263153+00', 'On Course - Racing: Not to course', 'Kelso', '', 95),
(119, '2021-03-27 14:07:40.147102+00', 'On Course - Racing: Stuck on track', 'Kelso', '', 93),
(120, '2021-03-27 14:07:54.513652+00', 'On Course - Racing: Stuck on track', 'Kelso', '', 98),
(121, '2021-03-27 14:08:15.913527+00', 'On Course - Racing: Stuck on track', 'Kelso', '', 84),
(122, '2021-04-21 12:56:57.007089+00', 'On Course - Racing: Not to course', 'Perth', '', 128),
(123, '2021-04-21 12:57:13.856518+00', 'On Course - Racing: Not to course', 'Perth', '', 96),
(124, '2021-04-21 12:57:28.946035+00', 'On Course - Racing: Not to course', 'Perth', '', 95),
(125, '2021-04-21 13:58:11.906101+00', 'On Course - Racing: Not to course', 'Perth', '', 105),
(126, '2021-04-21 15:11:33.461589+00', 'On Course - Racing: Not to course', 'Perth', '', 136),
(127, '2021-04-21 15:11:53.449999+00', 'On Course - Racing: Stuck on track', 'Perth', '', 84),
(128, '2021-04-22 12:28:26.598889+00', 'On Course - Racing: Stuck on track', 'Perth', '', 92),
(129, '2021-04-22 13:23:15.066724+00', 'On Course - Racing: Not to course', 'Perth', '', 127),
(130, '2021-04-22 13:23:41.820268+00', 'On Course - Racing: Not to course', 'Perth', '', 95),
(131, '2021-04-22 13:23:55.835168+00', 'On Course - Racing: Not to course', 'Perth', '', 89),
(132, '2021-04-22 13:24:14.324323+00', 'On Course - Racing: Not to course', 'Perth', '', 96),
(133, '2021-04-22 13:56:20.308698+00', 'On Course - Racing: Not to course', 'Perth', '', 105),
(134, '2021-04-29 12:57:49.552644+00', 'On Course - Racing: Not to course', 'Musselburgh', '', 97),
(135, '2021-04-29 12:58:26.468324+00', 'On Course - Racing: Not to course', 'Musselburgh', '', 100),
(136, '2021-04-29 15:05:59.1991+00', 'On Course - Racing: Not to course', 'Musselburgh', '', 80),
(137, '2021-04-29 15:06:52.477938+00', 'On Course - Racing: Not to course', 'Musselburgh', '', 87),
(138, '2021-04-29 15:07:12.646088+00', 'On Course - Racing: Not to course', 'Musselburgh', '', 88),
(139, '2021-04-29 15:07:23.298583+00', 'On Course - Racing: Not to course', 'Musselburgh', '', 127),
(140, '2021-04-29 15:07:37.931638+00', 'On Course - Racing: Not to course', 'Musselburgh', '', 136),
(141, '2021-04-29 15:07:54.744979+00', 'On Course - Racing: Not to course', 'Musselburgh', '', 105),
(142, '2021-04-30 13:04:25.553233+00', 'On Course - Racing: Not to course', 'Musselburgh', '', 80),
(143, '2021-04-30 13:04:40.382622+00', 'On Course - Racing: Not to course', 'Musselburgh', '', 104),
(144, '2021-04-30 13:05:01.611871+00', 'On Course - Racing: Not to course', 'Musselburgh', '', 85),
(145, '2021-04-30 13:05:18.244457+00', 'On Course - Racing: Stuck on track', 'Musselburgh', '', 129),
(146, '2021-04-30 13:32:14.17322+00', 'On Course - Racing: Stuck on track', 'Musselburgh', '', 84),
(147, '2021-04-30 13:32:25.896607+00', 'On Course - Racing: Not to course', 'Musselburgh', '', 136),
(148, '2021-04-30 13:32:36.768794+00', 'On Course - Racing: Not to course', 'Musselburgh', '', 83),
(149, '2021-04-30 14:37:10.431187+00', 'On Course - Racing: Not to course', 'Musselburgh', '', 87),
(150, '2021-04-30 15:44:47.656838+00', 'On Course - Racing: Not to course', 'Musselburgh', '', 96),
(151, '2021-04-30 15:45:26.226416+00', 'On Course - Racing: Not to course', 'Musselburgh', '', 98),
(152, '2021-04-30 15:45:44.48774+00', 'On Course - Racing: Not to course', 'Musselburgh', '', 100),
(153, '2021-04-30 15:46:10.54391+00', 'On Course - Racing: Not to course', 'Musselburgh', '', 105),
(154, '2021-05-05 12:27:40.171298+00', 'On Course - Racing: Stuck on track', 'Kelso', '', 83),
(155, '2021-05-05 12:28:15.387537+00', 'On Course - Racing: Not to course', 'Kelso', '', 98),
(156, '2021-05-05 13:02:39.452539+00', 'On Course - Racing: Not to course', 'Kelso', '', 165),
(157, '2021-05-05 13:31:07.480124+00', 'On Course - Racing: Not to course', 'Kelso', '', 95),
(158, '2021-05-05 13:31:29.502138+00', 'On Course - Racing: Stuck on track', 'Kelso', '', 85),
(159, '2021-05-06 10:31:42.273392+00', 'In Refurb - Send for mechanical repair', NULL, 'Broken Connector', 99),
(160, '2021-05-06 10:32:30.828548+00', 'In Refurb - Send for mechanical repair', 'Kempton Park', 'Broken Connector', 113),
(161, '2021-05-06 10:33:29.436882+00', 'Out of Service and Returned for Refurb', NULL, 'Broken Connector', 133),
(162, '2021-05-06 10:37:23.035636+00', 'Out of Service and Returned for Refurb', 'Kempton Park', '', 128),
(163, '2021-05-06 10:37:53.955052+00', 'Out of Service and Returned for Refurb', NULL, '', 98),
(164, '2021-05-06 10:38:24.883351+00', 'Out of Service and Returned for Refurb', 'Kempton Park', '', 165),
(165, '2021-05-11 16:27:15.163731+00', 'On Course - Racing: Not to course', 'Ayr', '', 85),
(166, '2021-05-11 16:27:25.822824+00', 'On Course - Racing: Not to course', 'Ayr', '', 80),
(167, '2021-05-11 17:13:47.399698+00', 'On Course - Racing: Not to course', 'Ayr', '', 136),
(168, '2021-05-11 17:14:09.104353+00', 'On Course - Racing: Not to course', 'Ayr', '', 127),
(169, '2021-05-11 17:14:21.418307+00', 'On Course - Racing: Not to course', 'Ayr', '', 105),
(170, '2021-05-11 17:36:47.678486+00', 'On Course - Racing: Not to course', 'Ayr', '', 89),
(171, '2021-05-11 17:37:02.250288+00', 'On Course - Racing: Not to course', 'Ayr', '', 96),
(172, '2021-05-11 17:37:18.544439+00', 'On Course - Racing: Not to course', 'Ayr', '', 100),
(173, '2021-05-11 18:10:49.447093+00', 'On Course - Racing: Not to course', 'Ayr', '', 87),
(174, '2021-05-11 18:11:08.815338+00', 'On Course - Racing: Stuck on track', 'Ayr', '', 145),
(175, '2021-05-11 19:33:25.608294+00', 'On Course - Racing: Not to course', 'Ayr', '', 145),
(176, '2021-05-12 16:18:04.941699+00', 'On Course - Racing: Not to course', 'Perth', '', 136),
(177, '2021-05-12 16:18:23.989292+00', 'On Course - Racing: Not to course', 'Perth', '', 80),
(178, '2021-05-12 16:19:15.636369+00', 'On Course - Racing: Stuck on track', 'Perth', '', 147),
(179, '2021-05-12 16:19:47.769528+00', 'On Course - Racing: Stuck on track', 'Perth', '', 97),
(180, '2021-05-12 16:49:18.173258+00', 'On Course - Racing: Not to course', 'Perth', '', 96),
(181, '2021-05-12 17:15:59.464883+00', 'On Course - Racing: Not to course', 'Perth', '', 95),
(182, '2021-05-12 18:18:54.820478+00', 'On Course - Racing: Not to course', 'Perth', '', 89),
(183, '2021-05-12 18:19:15.499344+00', 'On Course - Racing: Not to course', 'Perth', '', 105),
(184, '2021-05-12 18:19:32.314889+00', 'On Course - Racing: Not to course', 'Perth', '', 87),
(185, '2021-05-13 12:34:09.517603+00', 'On Course - Racing: Not to course', 'Perth', '', 100),
(186, '2021-05-13 12:34:25.858769+00', 'On Course - Racing: Not to course', 'Perth', '', 127),
(187, '2021-05-13 12:56:26.158297+00', 'On Course - Racing: Stuck on track', 'Salisbury', '', 23),
(188, '2021-05-13 12:56:39.454937+00', 'On Course - Racing: Stuck on track', 'Salisbury', '', 22),
(189, '2021-05-21 12:05:47.004172+00', 'On Course - Racing: Stuck on track', 'Haydock', '', 163),
(190, '2021-05-21 12:06:07.476853+00', 'On Course - Racing: Stuck on track', 'Haydock', '', 140),
(191, '2021-05-21 12:06:17.979306+00', 'On Course - Racing: Stuck on track', 'Haydock', '', 97),
(192, '2021-05-21 13:50:45.169333+00', 'On Course - Racing: Not to course', 'Haydock', '', 83),
(193, '2021-05-21 13:57:15.667795+00', 'On Course - Racing: Stuck on track', 'Haydock', '', 139),
(194, '2021-05-21 14:19:05.01267+00', 'On Course - Racing: Stuck on track', 'Haydock', '', 145),
(195, '2021-05-21 14:54:30.464312+00', 'On Course - Racing: Stuck on track', 'Haydock', '', 174),
(196, '2021-05-25 13:26:28.526464+00', 'On Course - Racing: Not to course', 'Musselburgh', '', 105),
(197, '2021-05-25 13:26:53.344041+00', 'On Course - Racing: Not to course', 'Musselburgh', '', 87),
(198, '2021-05-25 16:13:09.798763+00', 'On Course - Racing: Stuck on track', 'Musselburgh', '', 158),
(199, '2021-05-25 16:13:22.463854+00', 'On Course - Racing: Stuck on track', 'Musselburgh', '', 170),
(200, '2021-05-26 13:14:03.301451+00', 'On Course - Racing: Stuck on track', 'Hamilton', '', 93),
(201, '2021-05-26 14:15:46.741838+00', 'On Course - Racing: Not to course', 'Hamilton', '', 83),
(202, '2021-05-26 14:44:48.214827+00', 'On Course - Racing: Not to course', 'Hamilton', '', 129),
(203, '2021-05-26 14:45:08.261397+00', 'On Course - Racing: Stuck on track', 'Hamilton', '', 97),
(204, '2021-05-26 15:18:28.686576+00', 'On Course - Racing: Stuck on track', 'Hamilton', '', 169),
(205, '2021-05-26 15:36:15.696163+00', 'On Course - Racing: Stuck on track', 'Hamilton', '', 146),
(206, '2021-05-31 12:57:03.715231+00', 'On Course - Racing: Stuck on track', 'Cartmel', '', 168),
(207, '2021-06-02 12:48:22.488347+00', 'On Course - Racing: Not to course', 'Ayr', '', 89),
(208, '2021-06-02 13:51:41.430908+00', 'On Course - Racing: Stuck on track', 'Ayr', '', 100),
(209, '2021-06-02 13:51:59.853419+00', 'On Course - Racing: Not to course', 'Ayr', '', 129),
(210, '2021-06-02 13:52:10.059462+00', 'On Course - Racing: Not to course', 'Ayr', '', 135),
(211, '2021-06-02 13:56:19.662664+00', 'On Course - Racing: Stuck on track', 'Ayr', '', 162),
(212, '2021-06-02 14:25:27.819636+00', 'On Course - Racing: Stuck on track', 'Ayr', '', 164),
(213, '2021-06-02 17:18:47.775916+00', 'On Course - Racing: Stuck on track', 'Kempton Park', '', 79),
(214, '2021-06-06 13:43:16.864027+00', 'On Course - Racing: Stuck on track', 'Perth', '', 119),
(215, '2021-06-06 14:49:51.146971+00', 'On Course - Racing: Not to course', 'Perth', '', 89),
(216, '2021-06-06 14:50:33.011662+00', 'On Course - Racing: Stuck on track', 'Perth', '', 171),
(217, '2021-06-06 16:30:06.179827+00', 'On Course - Racing: Stuck on track', 'Perth', '', 180),
(218, '2021-06-06 16:30:28.747191+00', 'On Course - Racing: Not to course', 'Perth', '', 158),
(219, '2021-06-11 16:51:35.860013+00', 'On Course - Racing: Not to course', 'Aintree', '', 93),
(220, '2021-06-11 18:30:24.00023+00', 'On Course - Racing: Stuck on track', 'Aintree', '', 148),
(221, '2021-06-11 18:30:35.990568+00', 'On Course - Racing: Stuck on track', 'Aintree', '', 178),
(222, '2021-06-11 18:33:07.384719+00', 'On Course - Racing: Stuck on track', 'Aintree', '', 166),
(223, '2021-06-11 19:39:32.975682+00', 'On Course - Racing: Stuck on track', 'Aintree', '', 143),
(224, '2021-06-11 19:39:55.787605+00', 'On Course - Racing: Stuck on track', 'Aintree', '', 177),
(225, '2021-06-11 19:56:11.427626+00', 'On Course - Racing: Not to course', 'Aintree', '', 153),
(226, '2021-06-14 12:35:41.528999+00', 'On Course - Racing: Stuck on track', 'Carlisle', '', 92),
(227, '2021-06-14 12:36:23.578519+00', 'On Course - Racing: Stuck on track', 'Carlisle', '', 84),
(228, '2021-06-14 12:36:49.810036+00', 'On Course - Racing: Stuck on track', 'Carlisle', '', 174),
(229, '2021-06-14 12:37:06.377515+00', 'On Course - Racing: Not to course', 'Carlisle', '', 178),
(231, '2021-06-14 13:06:21.819272+00', 'On Course - Racing: Stuck on track', 'Carlisle', '', 161),
(233, '2021-06-14 13:07:46.971171+00', 'On Course - Racing: Stuck on track', 'Carlisle', '', 100),
(234, '2021-06-14 13:09:20.083997+00', 'On Course - Racing: Stuck on track', 'Carlisle', '', 168),
(235, '2021-06-14 14:48:27.238811+00', 'On Course - Racing: Stuck on track', 'Carlisle', '', 155),
(236, '2021-06-14 14:48:52.449613+00', 'On Course - Racing: Stuck on track', 'Carlisle', '', 178),
(237, '2021-06-14 14:49:11.25686+00', 'On Course - Racing: Stuck on track', 'Carlisle', '', 156),
(238, '2021-06-14 15:19:12.282212+00', 'On Course - Racing: Stuck on track', 'Carlisle', '', 135),
(239, '2021-06-14 15:19:31.759902+00', 'On Course - Racing: Stuck on track', 'Carlisle', '', 166),
(240, '2021-06-14 15:59:33.706153+00', 'On Course - Racing: Not to course', 'Carlisle', '', 173),
(241, '2021-06-14 16:00:19.460868+00', 'On Course - Racing: Stuck on track', 'Carlisle', '', 160),
(242, '2021-06-14 16:24:01.475206+00', 'On Course - Racing: Stuck on track', 'Carlisle', '', 143),
(243, '2021-06-14 16:24:48.502026+00', 'On Course - Racing: Stuck on track', 'Carlisle', '', 179),
(244, '2021-06-14 16:25:18.207669+00', 'On Course - Racing: Stuck on track', 'Carlisle', '', 151),
(245, '2021-06-14 16:25:21.345534+00', 'On Course - Racing: Stuck on track', 'Carlisle', '', 151),
(246, '2021-06-14 16:25:35.129799+00', 'On Course - Racing: Stuck on track', 'Carlisle', '', 142),
(247, '2021-06-14 16:26:01.655201+00', 'On Course - Racing: Stuck on track', 'Carlisle', '', 144),
(248, '2021-06-14 16:26:31.023056+00', 'On Course - Racing: Stuck on track', 'Carlisle', '', 158),
(249, '2021-06-14 16:26:47.3278+00', 'On Course - Racing: Stuck on track', 'Carlisle', '', 158),
(250, '2021-06-14 16:27:07.602327+00', 'On Course - Racing: Stuck on track', 'Carlisle', '', 149),
(251, '2021-06-14 16:27:34.498006+00', 'On Course - Racing: Not to course', 'Carlisle', '', 157),
(252, '2021-06-14 16:27:55.378569+00', 'On Course - Racing: Not to course', 'Carlisle', '', 177),
(253, '2021-06-14 16:28:17.19734+00', 'On Course - Racing: Not to course', 'Carlisle', '', 153),
(254, '2021-06-15 18:22:26.278784+00', 'On Course - Racing: Stuck on track', 'Beverly', '', 174),
(255, '2021-06-16 13:17:52.52954+00', 'On Course - Racing: Stuck on track', 'Hamilton', '', 167),
(256, '2021-06-28 18:52:38.761581+00', 'On Course - Racing: Stuck on track', 'Musselburgh', '', 119),
(257, '2021-06-28 18:55:18.998357+00', 'On Course - Racing: Not to course', 'Musselburgh', '', 129);

INSERT INTO "public"."unit_logs_denman" ("id", "number", "date_added", "status", "start_date") VALUES
(2, 114, '2021-06-20', 'In Service', NULL),
(3, 127, '2021-06-11', 'In Service', NULL),
(4, 132, '2021-01-20', 'In Repair', NULL),
(5, 101, '2021-06-11', 'In Service', NULL),
(6, 134, '2021-06-20', 'In Service', NULL),
(7, 131, '2021-06-07', 'In Service', NULL),
(8, 117, '2021-05-11', 'In Service', NULL),
(9, 133, '2021-06-06', 'In Service', NULL),
(10, 110, '2021-06-07', 'In Repair', NULL),
(11, 112, '2021-04-21', 'In Service', NULL),
(12, 135, '2021-05-21', 'In Service', NULL),
(13, 113, '2021-06-28', 'In Service', NULL),
(14, 111, '2021-01-06', 'In Service', NULL),
(15, 37, '2021-06-16', 'Not In Service', '2019-09-01'),
(16, 16, '2021-06-16', 'In Repair', '2019-09-01'),
(17, 70, '2021-06-16', 'In Service', '2019-09-01'),
(18, 96, '2021-06-16', 'Not In Service', '2019-09-01'),
(19, 61, '2021-06-16', 'In Service', '2019-09-01'),
(20, 118, '2021-05-25', 'In Service', NULL),
(21, 21, '2021-06-16', 'In Repair', '2019-09-01'),
(22, 81, '2021-06-16', 'In Repair', '2019-09-01'),
(23, 55, '2021-06-16', 'Not In Service', '2019-09-01'),
(24, 4, '2021-06-16', 'In Service', '2019-09-01'),
(25, 50, '2021-06-16', 'In Service', '2019-09-01'),
(26, 90, '2021-06-16', 'In Service', '2019-09-01'),
(27, 98, '2021-06-16', 'In Service', '2019-09-01'),
(28, 99, '2021-06-16', 'In Service', '2019-09-01'),
(29, 9, '2021-06-16', 'In Repair', '2019-09-01'),
(30, 97, '2021-06-16', 'Not In Service', '2019-09-01'),
(31, 64, '2021-06-16', 'In Service', '2019-09-01'),
(32, 53, '2021-06-16', 'In Repair', '2019-09-01'),
(33, 8, '2021-06-16', 'Not In Service', '2019-09-01'),
(34, 89, '2021-06-16', 'In Service', '2019-09-01'),
(35, 35, '2021-06-16', 'In Repair', '2019-09-01'),
(36, 58, '2021-06-16', 'In Service', '2019-09-01'),
(37, 46, '2021-06-16', 'In Service', '2019-09-01'),
(38, 67, '2021-06-16', 'In Repair', '2019-09-01'),
(39, 7, '2021-06-16', 'In Service', '2019-09-01'),
(40, 116, '2021-01-06', 'In Service', NULL),
(41, 5, '2021-06-16', 'In Service', '2019-09-01'),
(42, 39, '2021-06-16', 'In Repair', '2019-09-01'),
(43, 57, '2021-06-16', 'In Service', '2019-09-01'),
(44, 78, '2021-06-16', 'Not In Service', '2019-09-01'),
(45, 14, '2021-06-16', 'In Service', '2019-09-01'),
(46, 65, '2021-06-16', 'Not In Service', '2019-09-01'),
(47, 33, '2021-06-16', 'Not In Service', '2019-09-01'),
(48, 124, '2021-01-06', 'In Service', NULL),
(49, 76, '2021-06-16', 'Not In Service', '2019-09-01'),
(50, 122, '2021-02-16', 'In Service', NULL),
(51, 73, '2021-06-16', 'In Repair', '2019-09-01'),
(52, 125, '2021-04-08', 'In Service', NULL),
(53, 69, '2021-06-16', 'In Repair', '2019-09-01'),
(54, 121, '2021-01-06', 'In Service', NULL),
(55, 85, '2021-06-16', 'In Service', '2019-09-01'),
(56, 28, '2021-06-16', 'In Service', '2019-09-01'),
(57, 115, '2021-05-06', 'In Repair', NULL),
(58, 123, '2021-05-21', 'In Service', NULL),
(59, 93, '2021-06-16', 'In Service', '2019-09-01'),
(60, 31, '2021-06-16', 'Not In Service', '2019-09-01'),
(61, 128, '2021-05-06', 'In Repair', NULL),
(62, 130, '2021-06-08', 'In Repair', NULL),
(63, 44, '2021-06-16', 'Not In Service', '2019-09-01'),
(64, 94, '2021-06-16', 'In Service', '2019-09-01'),
(65, 102, '2021-02-20', 'In Service', NULL),
(66, 103, '2021-06-02', 'In Repair', NULL),
(67, 12, '2021-06-16', 'In Repair', '2019-09-01'),
(68, 87, '2021-06-16', 'In Repair', '2019-09-01'),
(69, 82, '2021-06-16', 'In Repair', '2019-09-01'),
(70, 119, '2021-06-20', 'In Service', NULL),
(71, 52, '2021-06-20', 'In Service', '2019-09-01'),
(72, 104, '2021-05-06', 'In Repair', NULL),
(73, 92, '2021-06-16', 'Not In Service', '2019-09-01'),
(74, 120, '2021-05-11', 'In Service', NULL),
(75, 105, '2021-05-06', 'In Repair', NULL),
(76, 88, '2021-06-16', 'In Repair', '2019-09-01'),
(77, 19, '2021-06-16', 'Not In Service', '2019-09-01'),
(78, 11, '2021-06-16', 'Not In Service', '2019-09-01'),
(79, 40, '2021-06-30', 'Not In Service', '2019-09-01'),
(80, 77, '2021-06-16', 'In Service', '2019-09-01'),
(81, 60, '2021-06-16', 'Not In Service', '2019-09-01'),
(82, 95, '2021-06-16', 'In Service', '2019-09-01'),
(83, 26, '2021-06-16', 'In Service', '2019-09-01'),
(84, 2, '2021-06-16', 'Not In Service', '2019-09-01'),
(85, 42, '2021-06-28', 'In Service', '2019-09-01'),
(86, 59, '2021-06-16', 'Not In Service', '2019-09-01'),
(87, 38, '2021-06-16', 'Not In Service', '2019-09-01'),
(88, 86, '2021-06-16', 'Not In Service', '2019-09-01'),
(89, 108, '2021-02-10', 'In Service', NULL),
(90, 56, '2021-06-16', 'Not In Service', '2019-09-01'),
(91, 22, '2021-06-16', 'Not In Service', '2019-09-01'),
(92, 23, '2021-06-16', 'Not In Service', '2019-09-01'),
(93, 71, '2021-06-16', 'Not In Service', '2019-09-01'),
(94, 32, '2021-06-16', 'Not In Service', '2019-09-01'),
(95, 47, '2021-06-16', 'Not In Service', '2019-09-01'),
(96, 49, '2021-06-16', 'Not In Service', '2019-09-01'),
(97, 18, '2021-06-16', 'Not In Service', '2019-09-01'),
(98, 75, '2021-06-16', 'Not In Service', '2019-09-01'),
(99, 79, '2021-06-16', 'Not In Service', '2019-09-01'),
(100, 84, '2021-06-16', 'Not In Service', '2019-09-01'),
(101, 107, '2021-01-11', 'Not In Service', NULL),
(102, 27, '2021-06-16', 'Not In Service', '2019-09-01'),
(103, 36, '2021-06-16', 'Not In Service', '2019-09-01'),
(104, 62, '2021-06-16', 'In Service', '2019-09-01'),
(105, 72, '2021-06-16', 'Not In Service', '2019-09-01'),
(106, 74, '2021-06-16', 'In Repair', '2019-09-01'),
(107, 29, '2021-06-28', 'In Service', '2019-09-01'),
(108, 54, '2021-06-16', 'In Repair', '2019-09-01'),
(109, 129, '2021-06-16', 'In Service', NULL),
(110, 17, '2021-06-16', 'In Service', '2019-09-01'),
(111, 43, '2021-06-16', 'In Service', '2019-09-01'),
(112, 63, '2021-06-16', 'In Service', '2019-09-01'),
(113, 13, '2021-06-16', 'In Service', '2019-09-01'),
(114, 34, '2021-06-16', 'In Service', '2019-09-01'),
(115, 109, '2021-06-08', 'Not In Service', NULL),
(116, 45, '2021-06-16', 'Not In Service', '2019-09-01'),
(117, 41, '2021-06-16', 'In Service', '2019-09-01'),
(118, 106, '2021-01-13', 'In Repair', NULL),
(119, 25, '2021-06-16', 'In Service', '2019-09-01'),
(120, 30, '2021-06-28', 'In Service', '2019-09-01'),
(121, 48, '2021-06-28', 'In Service', '2019-09-01'),
(122, 3, '2021-06-16', 'In Repair', '2019-09-01'),
(123, 51, '2021-06-16', 'In Repair', '2019-09-01'),
(124, 20, '2021-06-16', 'Not In Service', '2019-09-01'),
(125, 66, '2021-06-16', 'In Repair', '2019-09-01'),
(126, 136, '2021-04-24', 'In Service', NULL),
(127, 137, '2021-06-15', 'In Service', NULL),
(128, 138, '2021-03-31', 'In Service', NULL),
(129, 158, '2021-06-16', 'In Service', '2021-05-01'),
(130, 144, '2021-06-16', 'In Service', '2021-05-01'),
(131, 161, '2021-06-16', 'In Service', '2021-05-01'),
(132, 153, '2021-06-16', 'In Service', '2021-05-01'),
(133, 165, '2021-06-16', 'In Service', '2021-05-01'),
(134, 151, '2021-06-16', 'In Service', '2021-05-01'),
(135, 154, '2021-06-20', 'In Service', '2021-05-01'),
(136, 155, '2021-06-16', 'In Service', '2021-05-01'),
(137, 164, '2021-06-16', 'In Service', '2021-05-01'),
(138, 145, '2021-06-16', 'In Service', '2021-05-01'),
(139, 152, '2021-06-16', 'In Service', '2021-05-01'),
(140, 166, '2021-06-24', 'In Service', '2021-05-01'),
(141, 159, '2021-06-16', 'In Service', '2021-05-01'),
(142, 143, '2021-06-16', 'In Service', '2021-05-01'),
(143, 142, '2021-06-16', 'In Service', '2021-05-01'),
(144, 157, '2021-06-16', 'In Service', '2021-05-01'),
(145, 140, '2021-06-16', 'In Service', '2021-05-01'),
(146, 162, '2021-06-16', 'In Service', '2021-05-01'),
(147, 163, '2021-06-16', 'In Service', '2021-05-01'),
(148, 180, '2021-06-16', 'In Service', '2021-05-01'),
(149, 177, '2021-06-16', 'In Service', '2021-05-01'),
(150, 172, '2021-06-16', 'In Service', '2021-05-01'),
(151, 178, '2021-06-16', 'In Service', '2021-05-01'),
(152, 169, '2021-06-16', 'In Service', '2021-05-01'),
(153, 179, '2021-06-16', 'In Service', '2021-05-01'),
(154, 175, '2021-06-16', 'In Service', '2021-05-01'),
(155, 168, '2021-06-16', 'In Service', '2021-05-01'),
(156, 176, '2021-06-16', 'In Service', '2021-05-01'),
(157, 171, '2021-06-16', 'In Service', '2021-05-01'),
(158, 173, '2021-06-16', 'In Service', '2021-05-01'),
(159, 170, '2021-06-16', 'In Service', '2021-05-01'),
(160, 174, '2021-06-16', 'In Service', '2021-05-01'),
(161, 167, '2021-06-16', 'In Service', '2021-05-01'),
(162, 141, '2021-06-16', 'In Service', '2021-05-01'),
(163, 183, '2021-06-16', 'In Service', '2021-05-01'),
(164, 188, '2021-06-28', 'In Service', '2021-05-01'),
(165, 192, '2021-06-16', 'In Service', '2021-05-01'),
(166, 185, '2021-06-16', 'In Service', '2021-05-01'),
(167, 194, '2021-06-16', 'In Service', '2021-05-01'),
(168, 182, '2021-06-16', 'In Service', '2021-05-01'),
(169, 181, '2021-06-16', 'In Service', '2021-05-01'),
(170, 189, '2021-06-07', 'In Service', NULL),
(171, 190, '2021-06-16', 'In Service', '2021-05-01'),
(172, 184, '2021-06-16', 'In Service', '2021-05-01'),
(173, 187, '2021-06-16', 'In Service', '2021-05-01'),
(174, 186, '2021-06-16', 'In Service', '2021-05-01'),
(175, 195, '2021-06-16', 'In Service', '2021-05-01'),
(176, 193, '2021-06-16', 'In Service', '2021-05-01'),
(177, 191, '2021-06-16', 'In Service', '2021-05-01'),
(178, 1, '2021-06-16', 'Not In Service', '2019-09-01'),
(179, 10, '2021-06-16', 'Not In Service', '2019-09-01'),
(180, 126, '2021-06-16', 'Not In Service', '2020-12-01'),
(181, 15, '2021-06-16', 'Not In Service', '2019-09-01'),
(182, 156, '2021-06-16', 'In Service', '2021-05-01'),
(183, 160, '2021-06-16', 'In Service', '2021-05-01'),
(184, 24, '2021-06-16', 'Not In Service', '2019-09-01'),
(185, 83, '2021-06-16', 'Not In Service', '2019-09-01'),
(186, 91, '2021-06-16', 'Not In Service', '2019-10-01');

INSERT INTO "public"."unit_logs_denman_entry" ("id", "date_added", "status", "venue", "comments", "denman_id") VALUES
(2, '2021-01-06 18:21:31.083851+00', 'No Solid White', 'Kempton Park', '', 76),
(3, '2021-01-07 16:05:44.652043+00', 'In Refurb - Send for mechanical repair', 'Kempton Park', '', 79),
(5, '2021-01-09 12:00:36.780516+00', 'On Course - Racing: Stuck on track', 'Wincanton', '', 10),
(6, '2021-01-13 20:06:25.220977+00', 'On Course - Racing: Not to course', 'Kempton Park', '', 84),
(7, '2021-01-13 20:06:37.366639+00', 'On Course - Racing: Not to course', 'Kempton Park', '', 82),
(8, '2021-01-13 20:07:26.334013+00', 'On Course - Racing: Stuck on track', 'Kempton Park', '', 10),
(9, '2021-01-13 20:07:37.453373+00', 'On Course - Racing: Stuck on track', 'Kempton Park', '', 83),
(10, '2021-01-16 12:31:13.860987+00', 'On Course - Racing: Stuck on track', 'Market Rasen', '', 22),
(11, '2021-01-16 12:31:47.916761+00', 'On Course - Racing: Stuck on track', 'Market Rasen', '', 56),
(12, '2021-01-16 13:02:55.529553+00', 'On Course - Racing: Stuck on track', 'Market Rasen', '', 53),
(13, '2021-01-19 13:29:33.754614+00', 'On Course - Racing: Stuck on track', 'Exeter', '', 85),
(14, '2021-01-19 15:22:40.870613+00', 'On Course - Racing: Not to course', 'Exeter', '', 82),
(15, '2021-01-19 15:23:53.941907+00', 'On Course - Racing: Stuck on track', 'Exeter', '', 72),
(16, '2021-01-20 14:10:26.331854+00', 'On Course - Racing: Stuck on track', 'Newbury', '', 71),
(17, '2021-01-20 15:12:04.127378+00', 'On Course - Racing: Stuck on track', 'Newbury', '', 4),
(18, '2021-01-20 15:16:00.898226+00', 'In Refurb - Send for mechanical repair', 'Kempton Park', '', 4),
(19, '2021-01-20 15:43:03.827811+00', 'In Refurb - Send for mechanical repair', 'Kempton Park', '', 4),
(20, '2021-01-25 17:50:10.42663+00', 'On Course - Racing: Stuck on track', 'Kempton Park', '', 71),
(21, '2021-01-25 17:50:30.502023+00', 'On Course - Racing: Stuck on track', 'Kempton Park', '', 80),
(22, '2021-01-25 17:50:51.012107+00', 'On Course - Racing: Stuck on track', 'Kempton Park', '', 7),
(23, '2021-01-30 14:06:48.080191+00', 'On Course - Racing: Not to course', 'Kempton Park', '', 82),
(24, '2021-01-30 17:38:03.423008+00', 'On Course - Racing: Stuck on track', 'Kempton Park', '', 7),
(25, '2021-02-04 09:14:11.579279+00', 'In Refurb - Send for mechanical repair', 'Kempton Park', '', 69),
(26, '2021-02-05 11:49:18.790963+00', 'On Course - Test: No Red', 'Catterick Bridge', 'No lights - dead unit', 35),
(27, '2021-02-05 12:34:48.450597+00', 'On Course - Test: No Solid White', 'Catterick Bridge', '', 46),
(28, '2021-02-05 13:07:28.002103+00', 'On Course - Racing: Stuck on track', 'Catterick Bridge', 'Brief stick', 33),
(29, '2021-02-05 13:07:41.234198+00', 'On Course - Racing: Stuck on track', 'Catterick Bridge', '', 23),
(30, '2021-02-05 13:39:37.402089+00', 'On Course - Racing: Stuck on track', 'Catterick Bridge', '', 51),
(31, '2021-02-05 13:39:49.592644+00', 'On Course - Racing: Stuck on track', 'Catterick Bridge', '', 68),
(32, '2021-02-05 13:40:04.226214+00', 'On Course - Racing: Stuck on track', 'Catterick Bridge', '', 63),
(33, '2021-02-05 13:40:25.654068+00', 'On Course - Racing: Stuck on track', 'Catterick Bridge', '', 26),
(34, '2021-02-05 14:14:17.789304+00', 'On Course - Racing: Stuck on track', 'Catterick Bridge', '', 43),
(35, '2021-02-05 14:14:28.070012+00', 'On Course - Racing: Stuck on track', 'Catterick Bridge', '', 18),
(36, '2021-02-05 14:14:43.626901+00', 'On Course - Racing: Stuck on track', 'Catterick Bridge', '', 37),
(37, '2021-02-05 15:29:19.6254+00', 'On Course - Racing: Stuck on track', 'Catterick Bridge', '', 53),
(38, '2021-02-05 15:40:31.710956+00', 'On Course - Racing: Stuck on track', 'Catterick Bridge', '', 67),
(39, '2021-02-06 13:45:13.846429+00', 'On Course - Racing: Stuck on track', 'Musselburgh', '', 8),
(40, '2021-02-06 13:45:31.332534+00', 'On Course - Racing: Stuck on track', 'Musselburgh', '', 72),
(41, '2021-02-06 13:45:44.165502+00', 'On Course - Racing: Stuck on track', 'Musselburgh', '', 74),
(42, '2021-02-06 14:58:40.632947+00', 'On Course - Racing: Stuck on track', 'Sandown Park', '', 10),
(43, '2021-02-16 11:50:36.818654+00', 'On Course - Test: No Solid White', 'Catterick Bridge', '', 60),
(44, '2021-02-16 11:51:16.636023+00', 'On Course - Test: No Solid White', 'Catterick Bridge', '', 16),
(45, '2021-02-16 11:51:34.364973+00', 'On Course - Test: No Solid White', 'Catterick Bridge', '', 64),
(46, '2021-02-16 12:41:21.332664+00', 'On Course - Racing: Not to course', 'Catterick Bridge', '', 17),
(47, '2021-02-16 12:43:55.392706+00', 'On Course - Racing: Stuck on track', 'Catterick Bridge', '', 50),
(48, '2021-02-16 12:47:50.331311+00', 'On Course - Racing: Stuck on track', 'Catterick Bridge', '', 11),
(49, '2021-02-16 12:48:03.711975+00', 'On Course - Racing: Stuck on track', 'Catterick Bridge', '', 23),
(50, '2021-02-16 12:48:24.592768+00', 'On Course - Racing: Stuck on track', 'Catterick Bridge', '', 68),
(51, '2021-02-16 12:52:11.842628+00', 'On Course - Racing: Stuck on track', 'Catterick Bridge', '', 49),
(52, '2021-02-16 13:17:39.718011+00', 'On Course - Racing: Stuck on track', 'Catterick Bridge', '', 51),
(53, '2021-02-17 12:41:57.326884+00', 'On Course - Racing: Stuck on track', 'Wetherby', '', 67),
(54, '2021-02-17 13:15:17.501429+00', 'On Course - Racing: Not to course', 'Wetherby', '', 36),
(55, '2021-02-17 13:15:55.700492+00', 'On Course - Racing: Stuck on track', 'Wetherby', '', 68),
(56, '2021-02-17 13:16:29.448754+00', 'On Course - Racing: Stuck on track', 'Wetherby', '', 29),
(59, '2021-02-17 13:17:35.373262+00', 'On Course - Racing: Stuck on track', 'Wetherby', '', 51),
(60, '2021-02-17 13:48:03.743926+00', 'On Course - Racing: Stuck on track', 'Wetherby', '', 18),
(61, '2021-02-17 13:48:27.333758+00', 'On Course - Racing: Stuck on track', 'Wetherby', '', 23),
(62, '2021-02-17 13:48:54.122369+00', 'On Course - Racing: Stuck on track', 'Wetherby', '', 68),
(63, '2021-02-18 12:40:35.244601+00', 'On Course - Racing: Stuck on track', 'Leicester', '', 111),
(64, '2021-02-18 13:36:32.113622+00', 'On Course - Racing: Stuck on track', 'Leicester', '', 13),
(97, '2021-02-19 13:12:50.570621+00', 'On Course - Test: No Solid White', 'Kelso', 'no lights', 71),
(98, '2021-02-19 13:13:08.850861+00', 'On Course - Test: No Solid White', 'Kempton Park', 'no lights', 5),
(99, '2021-02-19 16:31:31.939828+00', 'On Course - Racing: Not to course', 'Kelso', '', 84),
(100, '2021-02-20 13:58:12.192485+00', 'On Course - Racing: Stuck on track', 'Haydock', '', 24),
(101, '2021-02-20 13:58:30.300829+00', 'On Course - Racing: Stuck on track', 'Haydock', '', 68),
(102, '2021-02-20 14:13:14.87482+00', 'On Course - Racing: Stuck on track', 'Haydock', '', 27),
(103, '2021-02-20 14:13:36.822272+00', 'On Course - Racing: Stuck on track', 'Haydock', '', 49),
(104, '2021-02-20 14:42:31.228551+00', 'On Course - Racing: Stuck on track', 'Haydock', '', 65),
(105, '2021-02-20 14:42:50.878081+00', 'On Course - Racing: Stuck on track', 'Haydock', '', 17),
(106, '2021-02-20 14:43:10.01227+00', 'On Course - Racing: Stuck on track', 'Haydock', '', 23),
(107, '2021-02-20 14:43:45.467911+00', 'On Course - Racing: Stuck on track', 'Haydock', '', 63),
(108, '2021-02-20 15:16:24.457542+00', 'On Course - Racing: Stuck on track', 'Haydock', '', 51),
(109, '2021-02-20 15:16:45.190234+00', 'On Course - Racing: Stuck on track', 'Haydock', '', 64),
(110, '2021-02-20 15:51:15.779995+00', 'On Course - Racing: Stuck on track', 'Haydock', '', 66),
(111, '2021-02-20 15:51:31.141437+00', 'On Course - Racing: Stuck on track', 'Haydock', '', 35),
(112, '2021-02-20 15:51:50.546764+00', 'On Course - Racing: Stuck on track', 'Haydock', '', 29),
(113, '2021-02-20 15:53:07.622676+00', 'On Course - Racing: Stuck on track', 'Haydock', '', 18),
(114, '2021-02-20 15:53:27.252171+00', 'On Course - Racing: Stuck on track', 'Haydock', '', 68),
(115, '2021-02-20 15:53:54.657376+00', 'On Course - Racing: Stuck on track', 'Haydock', '', 34),
(116, '2021-02-21 13:11:16.210989+00', 'On Course - Racing: Stuck on track', 'Market Rasen', '', 68),
(117, '2021-02-21 13:11:42.188695+00', 'On Course - Racing: Stuck on track', 'Market Rasen', '', 18),
(118, '2021-02-21 14:14:49.011926+00', 'On Course - Racing: Stuck on track', 'Market Rasen', '', 29),
(119, '2021-02-21 14:15:18.683674+00', 'On Course - Racing: Stuck on track', 'Market Rasen', '', 66),
(120, '2021-02-21 14:15:18.789978+00', 'On Course - Racing: Stuck on track', 'Market Rasen', '', 66),
(121, '2021-02-22 13:22:54.548521+00', 'On Course - Racing: Not to course', 'Carlisle', '', 84),
(122, '2021-02-22 13:47:35.604691+00', 'On Course - Racing: Stuck on track', 'Carlisle', '', 74),
(123, '2021-02-23 13:49:17.236372+00', 'On Course - Racing: Stuck on track', 'Wetherby', '', 22),
(124, '2021-02-23 14:25:12.119061+00', 'On Course - Racing: Not to course', 'Wetherby', '', 66),
(125, '2021-02-23 14:25:28.506679+00', 'On Course - Racing: Stuck on track', 'Wetherby', '', 30),
(126, '2021-02-23 14:25:45.308433+00', 'On Course - Racing: Stuck on track', 'Wetherby', '', 18),
(127, '2021-02-23 14:26:01.668398+00', 'On Course - Racing: Stuck on track', 'Wetherby', '', 47),
(128, '2021-02-23 14:47:46.328995+00', 'On Course - Racing: Not to course', 'Wetherby', '', 39),
(129, '2021-02-23 14:48:08.683919+00', 'On Course - Racing: Stuck on track', 'Wetherby', '', 26),
(130, '2021-02-23 14:48:20.498482+00', 'On Course - Racing: Stuck on track', 'Wetherby', '', 29),
(131, '2021-02-23 15:26:00.339863+00', 'On Course - Racing: Stuck on track', 'Wetherby', '', 63),
(132, '2021-02-23 15:31:57.953363+00', 'On Course - Racing: Stuck on track', 'Wetherby', '', 45),
(133, '2021-02-23 15:32:17.64345+00', 'On Course - Racing: Stuck on track', 'Wetherby', '', 123),
(134, '2021-03-01 15:12:33.082481+00', 'On Course - Racing: Stuck on track', 'Ayr', '', 110),
(135, '2021-03-01 15:12:56.310251+00', 'On Course - Racing: Stuck on track', 'Ayr', '', 110),
(136, '2021-03-02 11:13:04.061832+00', 'On Course - Test: No Solid White', 'Catterick Bridge', '', 42),
(137, '2021-03-02 11:14:18.256995+00', 'On Course - Test: No Solid White', 'Catterick Bridge', 'no lights / no charge', 49),
(138, '2021-03-02 12:49:07.841532+00', 'On Course - Racing: Stuck on track', 'Catterick Bridge', '', 29),
(139, '2021-03-02 12:49:20.05684+00', 'On Course - Racing: Stuck on track', 'Catterick Bridge', '', 33),
(140, '2021-03-02 13:07:00.600123+00', 'On Course - Racing: Stuck on track', 'Catterick Bridge', '', 123),
(141, '2021-03-02 13:36:46.759352+00', 'On Course - Racing: Stuck on track', 'Catterick Bridge', '', 34),
(142, '2021-03-02 13:37:09.168885+00', 'On Course - Racing: Stuck on track', 'Catterick Bridge', '', 30),
(143, '2021-03-05 13:58:30.445769+00', 'On Course - Racing: Stuck on track', 'Newbury', '', 106),
(144, '2021-03-06 12:32:16.243223+00', 'On Course - Racing: Stuck on track', 'Kelso', '', 111),
(145, '2021-03-06 13:06:16.432011+00', 'On Course - Racing: Stuck on track', 'Newbury', '', 83),
(146, '2021-03-06 13:22:53.788466+00', 'On Course - Racing: Stuck on track', 'Newbury', '', 106),
(147, '2021-03-06 13:23:17.404923+00', 'On Course - Racing: Stuck on track', 'Kelso', '', 114),
(148, '2021-03-06 13:23:34.971394+00', 'On Course - Racing: Stuck on track', 'Kelso', '', 79),
(149, '2021-03-06 13:36:49.387891+00', 'On Course - Racing: Stuck on track', 'Kelso', '', 75),
(150, '2021-03-08 12:34:40.53444+00', 'On Course - Test: No Solid White', 'Wetherby', 'no lights', 42),
(151, '2021-03-08 14:17:47.573155+00', 'On Course - Racing: Stuck on track', 'Wetherby', '', 17),
(152, '2021-03-08 14:18:18.164615+00', 'On Course - Racing: Stuck on track', 'Wetherby', '', 23),
(153, '2021-03-08 14:52:39.109479+00', 'On Course - Racing: Stuck on track', 'Wetherby', '', 51),
(154, '2021-03-08 14:52:50.805532+00', 'On Course - Racing: Stuck on track', 'Wetherby', '', 123),
(155, '2021-03-08 14:53:24.617605+00', 'On Course - Racing: Not to course', 'Wetherby', '', 29),
(156, '2021-03-10 14:16:51.884244+00', 'On Course - Test: No Solid White', 'Kempton Park', '', 123),
(157, '2021-03-10 14:17:05.946257+00', 'On Course - Racing: Stuck on track', 'Catterick Bridge', '', 34),
(158, '2021-03-10 14:17:14.948246+00', 'On Course - Racing: Stuck on track', 'Catterick Bridge', '', 33),
(159, '2021-03-10 14:17:28.463852+00', 'On Course - Racing: Stuck on track', 'Catterick Bridge', '', 22),
(160, '2021-03-10 14:48:18.214218+00', 'On Course - Racing: Stuck on track', 'Catterick Bridge', '', 58),
(161, '2021-03-10 15:29:31.519663+00', 'On Course - Racing: Stuck on track', 'Catterick Bridge', '', 55),
(162, '2021-03-22 14:24:26.848413+00', 'On Course - Test: No Solid White', 'Kelso', '', 84),
(163, '2021-03-22 14:24:45.296217+00', 'On Course - Test: No Solid White', 'Kelso', '', 71),
(164, '2021-03-22 14:25:04.354458+00', 'On Course - Test: No Solid White', 'Kelso', '', 12),
(165, '2021-03-22 14:54:02.544905+00', 'On Course - Racing: Stuck on track', 'Kelso', '', 75),
(166, '2021-03-22 16:04:14.612858+00', 'On Course - Racing: Stuck on track', 'Kelso', '', 121),
(167, '2021-03-23 13:22:02.554857+00', 'On Course - Racing: Stuck on track', 'Wetherby', '', 56),
(168, '2021-03-23 13:22:20.513836+00', 'On Course - Racing: Stuck on track', 'Wetherby', '', 18),
(169, '2021-03-23 13:22:38.341524+00', 'On Course - Racing: Stuck on track', 'Wetherby', '', 22),
(170, '2021-03-23 14:16:37.251743+00', 'On Course - Racing: Stuck on track', 'Taunton', '', 67),
(171, '2021-03-23 14:19:13.602392+00', 'On Course - Racing: Stuck on track', 'Wetherby', '', 10),
(172, '2021-03-23 14:44:58.935342+00', 'On Course - Racing: Stuck on track', 'Taunton', '', 13),
(173, '2021-03-23 14:46:17.452526+00', 'On Course - Racing: Stuck on track', 'Taunton', '', 58),
(174, '2021-03-23 16:57:30.943655+00', 'On Course - Racing: Stuck on track', 'Taunton', '', 107),
(175, '2021-03-23 16:57:46.190779+00', 'On Course - Racing: Not to course', 'Taunton', '', 112),
(176, '2021-03-26 13:24:32.034763+00', 'On Course - Racing: Stuck on track', 'Newbury', '', 23),
(177, '2021-03-26 13:24:48.324998+00', 'On Course - Racing: Stuck on track', 'Newbury', '', 51),
(178, '2021-03-26 14:49:34.028877+00', 'On Course - Racing: Stuck on track', 'Newbury', '', 39),
(179, '2021-03-26 15:10:36.415548+00', 'On Course - Racing: Stuck on track', 'Musselburgh', '', 72),
(180, '2021-03-26 15:25:27.928268+00', 'On Course - Racing: Stuck on track', 'Newbury', '', 106),
(181, '2021-03-26 15:25:42.994207+00', 'On Course - Racing: Stuck on track', 'Newbury', '', 27),
(182, '2021-03-26 15:26:01.813454+00', 'On Course - Racing: Stuck on track', 'Newbury', '', 112),
(183, '2021-03-26 15:26:16.977854+00', 'On Course - Racing: Stuck on track', 'Newbury', '', 42),
(184, '2021-03-26 16:54:28.696571+00', 'On Course - Racing: Stuck on track', 'Musselburgh', '', 74),
(185, '2021-03-26 16:54:43.310877+00', 'On Course - Racing: Stuck on track', 'Musselburgh', '', 75),
(186, '2021-03-26 16:55:41.185155+00', 'On Course - Racing: Stuck on track', 'Musselburgh', '', 114),
(187, '2021-03-27 14:08:30.379397+00', 'On Course - Racing: Stuck on track', 'Kelso', '', 111),
(188, '2021-03-27 14:08:52.714635+00', 'On Course - Racing: Stuck on track', 'Kelso', '', 79),
(189, '2021-03-27 14:23:37.008133+00', 'On Course - Racing: Stuck on track', 'Newbury', '', 29),
(190, '2021-03-27 14:23:52.959806+00', 'On Course - Racing: Stuck on track', 'Newbury', '', 123),
(191, '2021-03-27 14:24:05.903399+00', 'On Course - Racing: Stuck on track', 'Newbury', '', 125),
(192, '2021-04-07 13:58:01.788616+00', 'On Course - Racing: Stuck on track', 'Catterick Bridge', '', 10),
(193, '2021-04-07 13:58:55.769119+00', 'On Course - Racing: Stuck on track', 'Catterick Bridge', '', 112),
(194, '2021-04-07 15:33:09.11763+00', 'On Course - Racing: Stuck on track', 'Nottingham', '', 34),
(227, '2021-04-08 15:18:16.197252+00', 'On Course - Racing: Stuck on track', 'Aintree', '', 115),
(228, '2021-04-08 15:18:35.334719+00', 'On Course - Racing: Stuck on track', 'Aintree', '', 52),
(229, '2021-04-08 15:18:53.700912+00', 'On Course - Racing: Stuck on track', 'Aintree', '', 24),
(230, '2021-04-08 15:19:06.288445+00', 'On Course - Racing: Stuck on track', 'Aintree', '', 45),
(231, '2021-04-08 15:48:49.728902+00', 'On Course - Racing: Stuck on track', 'Aintree', '', 23),
(232, '2021-04-08 15:49:05.850225+00', 'On Course - Racing: Stuck on track', 'Aintree', '', 123),
(233, '2021-04-15 14:24:27.228839+00', 'On Course - Racing: Stuck on track', 'Cheltenham', '', 51),
(234, '2021-04-21 12:56:21.74356+00', 'On Course - Racing: Not to course', 'Perth', '', 57),
(235, '2021-04-21 13:24:05.419807+00', 'On Course - Racing: Stuck on track', 'Catterick Bridge', '', 123),
(236, '2021-04-21 13:24:20.222961+00', 'On Course - Racing: Stuck on track', 'Catterick Bridge', '', 19),
(237, '2021-04-21 13:51:47.57679+00', 'On Course - Racing: Stuck on track', 'Catterick Bridge', '', 43),
(238, '2021-04-21 14:28:34.133408+00', 'On Course - Racing: Not to course', 'Catterick Bridge', '', 11),
(239, '2021-04-21 14:29:11.626702+00', 'On Course - Racing: Not to course', 'Catterick Bridge', '', 30),
(240, '2021-04-21 14:29:22.650576+00', 'On Course - Racing: Stuck on track', 'Catterick Bridge', '', 10),
(241, '2021-04-21 14:29:38.866172+00', 'On Course - Racing: Stuck on track', 'Catterick Bridge', '', 34),
(242, '2021-04-21 14:29:50.998063+00', 'On Course - Racing: Stuck on track', 'Catterick Bridge', '', 53),
(243, '2021-04-22 12:27:50.782493+00', 'On Course - Racing: Not to course', 'Beverly', '', 53),
(244, '2021-04-22 12:28:06.528438+00', 'On Course - Racing: Stuck on track', 'Beverly', '', 119),
(245, '2021-04-22 12:51:27.144846+00', 'On Course - Racing: Stuck on track', 'Perth', '', 67),
(246, '2021-04-22 13:12:07.310449+00', 'On Course - Racing: Not to course', 'Beverly', '', 82),
(247, '2021-04-22 13:16:27.096297+00', 'On Course - Racing: Stuck on track', 'Beverly', '', 23),
(248, '2021-04-22 13:16:29.08799+00', 'On Course - Racing: Stuck on track', 'Beverly', '', 23),
(249, '2021-04-22 14:28:40.776581+00', 'On Course - Racing: Stuck on track', 'Perth', '', 79),
(250, '2021-04-22 14:48:57.202718+00', 'On Course - Racing: Not to course', 'Beverly', '', 45),
(251, '2021-04-24 13:42:02.088639+00', 'On Course - Racing: Stuck on track', 'Sandown Park', '', 33),
(252, '2021-04-24 13:42:35.793076+00', 'On Course - Racing: Stuck on track', 'Haydock', '', 113),
(253, '2021-04-24 13:59:37.447032+00', 'On Course - Racing: Stuck on track', 'Sandown Park', '', 36),
(254, '2021-04-24 13:59:54.257709+00', 'On Course - Racing: Stuck on track', 'Sandown Park', '', 23),
(255, '2021-04-24 14:00:14.692329+00', 'On Course - Racing: Stuck on track', 'Sandown Park', '', 123),
(256, '2021-04-24 15:22:44.406509+00', 'On Course - Racing: Stuck on track', 'Haydock', '', 83),
(257, '2021-04-24 15:22:56.2983+00', 'On Course - Racing: Stuck on track', 'Haydock', '', 45),
(258, '2021-04-24 15:23:08.46592+00', 'On Course - Racing: Stuck on track', 'Haydock', '', 114),
(259, '2021-04-24 15:23:20.410722+00', 'On Course - Racing: Stuck on track', 'Haydock', '', 41),
(260, '2021-04-24 15:23:35.400608+00', 'On Course - Racing: Not to course', 'Haydock', '', 58),
(261, '2021-04-24 15:23:51.569918+00', 'On Course - Racing: Stuck on track', 'Haydock', '', 126),
(262, '2021-04-29 11:53:22.633484+00', 'On Course - Racing: Stuck on track', 'Pontefract', '', 32),
(263, '2021-04-29 11:53:37.724815+00', 'On Course - Racing: Stuck on track', 'Pontefract', '', 23),
(264, '2021-04-29 11:53:55.845448+00', 'On Course - Racing: Stuck on track', 'Pontefract', '', 45),
(265, '2021-04-29 11:54:28.134126+00', 'On Course - Test: No Solid White', 'Pontefract', '', 123),
(266, '2021-04-29 13:25:48.208364+00', 'On Course - Racing: Stuck on track', 'Musselburgh', '', 42),
(267, '2021-04-29 13:46:23.087253+00', 'On Course - Racing: Not to course', 'Redcar', '', 32),
(268, '2021-04-29 14:23:00.520511+00', 'On Course - Racing: Not to course', 'Redcar', '', 10),
(269, '2021-04-29 14:23:35.243606+00', 'On Course - Racing: Not to course', 'Redcar', '', 123),
(270, '2021-04-29 14:23:36.748692+00', 'On Course - Racing: Not to course', 'Redcar', '', 123),
(271, '2021-04-29 14:24:01.341495+00', 'On Course - Racing: Stuck on track', 'Redcar', '', 31),
(272, '2021-04-29 14:31:44.245284+00', 'On Course - Racing: Stuck on track', 'Musselburgh', '', 72),
(273, '2021-04-29 14:32:35.987703+00', 'On Course - Racing: Stuck on track', 'Musselburgh', '', 67),
(274, '2021-04-29 14:33:13.330522+00', 'On Course - Racing: Stuck on track', 'Musselburgh', '', 26),
(275, '2021-04-30 14:11:10.75546+00', 'On Course - Racing: Stuck on track', 'Musselburgh', '', 79),
(276, '2021-04-30 14:11:30.681154+00', 'On Course - Racing: Stuck on track', 'Musselburgh', '', 67),
(277, '2021-04-30 14:37:35.532302+00', 'On Course - Racing: Not to course', 'Musselburgh', '', 13),
(278, '2021-04-30 15:33:43.960377+00', 'On Course - Racing: Stuck on track', 'Musselburgh', '', 72),
(279, '2021-05-05 13:02:55.882159+00', 'On Course - Racing: Not to course', 'Kelso', '', 72),
(280, '2021-05-05 13:31:43.945935+00', 'On Course - Racing: Stuck on track', 'Kelso', '', 67),
(281, '2021-05-05 13:32:02.678764+00', 'On Course - Racing: Stuck on track', 'Kelso', '', 79),
(282, '2021-05-06 10:34:21.05295+00', 'Out of Service and Returned for Refurb', NULL, 'Broken Connector', 75),
(283, '2021-05-06 10:35:12.880415+00', 'On Course - Test: Broken Connector', NULL, '', 62),
(284, '2021-05-06 10:39:00.939405+00', 'In Refurb - Send for mechanical repair', 'Kempton Park', '', 67),
(285, '2021-05-06 10:39:28.003344+00', 'Out of Service and Returned for Refurb', 'Kempton Park', '', 79),
(286, '2021-05-06 10:39:52.621312+00', 'Out of Service and Returned for Refurb', 'Kempton Park', '', 72),
(287, '2021-05-06 10:40:24.781981+00', 'Out of Service and Returned for Refurb', 'Kempton Park', '', 72),
(288, '2021-05-06 10:40:45.217662+00', 'Out of Service and Returned for Refurb', 'Kempton Park', '', 57),
(289, '2021-05-06 10:41:02.200283+00', 'Out of Service and Returned for Refurb', 'Kempton Park', '', 61),
(290, '2021-05-10 15:04:16.199797+00', 'On Course - Racing: Not to course', 'Catterick Bridge', '', 32),
(291, '2021-05-10 15:04:32.356135+00', 'On Course - Racing: Stuck on track', 'Catterick Bridge', '', 34),
(292, '2021-05-10 15:04:48.954372+00', 'On Course - Racing: Stuck on track', 'Catterick Bridge', '', 23),
(293, '2021-05-10 15:05:33.575094+00', 'On Course - Racing: Not to course', 'Catterick Bridge', '', 82),
(294, '2021-05-11 12:53:10.590227+00', 'On Course - Test: No Solid White', 'Beverly', '', 119),
(295, '2021-05-11 12:53:38.642968+00', 'On Course - Test: No Solid White', 'Beverly', '', 63),
(296, '2021-05-11 12:56:11.086023+00', 'On Course - Test: No Solid White', 'Kempton Park', '', 63),
(297, '2021-05-11 12:56:28.133827+00', 'On Course - Test: No Solid White', 'Beverly', '', 106),
(298, '2021-05-11 12:56:47.083311+00', 'On Course - Racing: Stuck on track', 'Beverly', '', 83),
(299, '2021-05-11 13:21:36.168301+00', 'On Course - Racing: Stuck on track', 'Beverly', '', 56),
(300, '2021-05-11 15:16:55.792244+00', 'On Course - Racing: Stuck on track', 'Beverly', '', 19),
(301, '2021-05-11 15:17:10.262756+00', 'On Course - Racing: Stuck on track', 'Beverly', '', 80),
(302, '2021-05-11 15:17:30.700449+00', 'On Course - Racing: Stuck on track', 'Beverly', '', 74),
(303, '2021-05-11 18:39:37.219121+00', 'On Course - Racing: Stuck on track', 'Ayr', '', 5),
(304, '2021-05-11 18:40:17.230035+00', 'On Course - Racing: Stuck on track', 'Ayr', '', 8),
(305, '2021-05-12 12:58:28.571021+00', 'On Course - Test: No Solid White', 'York', '', 106),
(306, '2021-05-12 12:58:48.554922+00', 'On Course - Racing: Stuck on track', 'York', '', 83),
(307, '2021-05-12 12:59:04.046271+00', 'On Course - Racing: Stuck on track', 'York', '', 82),
(308, '2021-05-12 14:20:10.221501+00', 'On Course - Racing: Stuck on track', 'York', '', 82),
(309, '2021-05-13 13:45:25.586113+00', 'On Course - Racing: Stuck on track', 'Salisbury', '', 45),
(310, '2021-05-21 12:36:28.629131+00', 'On Course - Racing: Stuck on track', 'Haydock', '', 9),
(311, '2021-05-21 12:36:48.248974+00', 'On Course - Racing: Stuck on track', 'Haydock', '', 26),
(312, '2021-05-21 12:37:40.138412+00', 'On Course - Racing: Stuck on track', 'Haydock', '', 12),
(313, '2021-05-21 12:37:52.980829+00', 'On Course - Racing: Stuck on track', 'Haydock', '', 22),
(314, '2021-05-21 12:38:11.71574+00', 'On Course - Racing: Stuck on track', 'Haydock', '', 5),
(315, '2021-05-21 16:56:37.493174+00', 'On Course - Racing: Stuck on track', 'Catterick Bridge', '', 56),
(316, '2021-05-21 16:57:16.894089+00', 'On Course - Racing: Stuck on track', 'Catterick Bridge', '', 138),
(317, '2021-05-21 17:25:22.211587+00', 'On Course - Racing: Stuck on track', 'Haydock', '', 28),
(318, '2021-05-21 17:25:40.75221+00', 'On Course - Racing: Stuck on track', 'Catterick Bridge', '', 107),
(319, '2021-05-21 17:25:56.354066+00', 'On Course - Racing: Stuck on track', 'Catterick Bridge', '', 58),
(320, '2021-05-21 18:25:22.322598+00', 'On Course - Racing: Stuck on track', 'Catterick Bridge', '', 59),
(321, '2021-05-25 14:35:28.95913+00', 'On Course - Racing: Stuck on track', 'Musselburgh', '', 109),
(322, '2021-05-25 14:35:53.46867+00', 'On Course - Racing: Stuck on track', 'Musselburgh', '', 20),
(323, '2021-05-26 14:04:16.082734+00', 'On Course - Racing: Stuck on track', 'Hamilton', '', 22),
(324, '2021-05-26 14:45:33.133515+00', 'On Course - Racing: Stuck on track', 'Hamilton', '', 9),
(325, '2021-05-31 12:57:18.802319+00', 'On Course - Racing: Stuck on track', 'Cartmel', '', 85),
(326, '2021-06-01 11:32:31.542559+00', 'On Course - Test: No Solid White', 'Redcar', '', 27),
(327, '2021-06-01 11:33:02.033592+00', 'On Course - Test: No Solid White', 'Redcar', '', 37),
(328, '2021-06-01 11:33:33.528684+00', 'On Course - Test: No Solid White', 'Redcar', '', 162),
(329, '2021-06-01 11:33:47.012012+00', 'On Course - Test: No Solid White', 'Redcar', '', 71),
(330, '2021-06-01 11:34:16.766955+00', 'On Course - Racing: Stuck on track', 'Redcar', '', 59),
(331, '2021-06-01 11:34:29.490824+00', 'On Course - Racing: Stuck on track', 'Redcar', '', 83),
(332, '2021-06-01 12:53:10.519171+00', 'On Course - Racing: Stuck on track', 'Redcar', '', 43),
(333, '2021-06-01 12:53:33.87308+00', 'On Course - Racing: Stuck on track', 'Redcar', '', 34),
(334, '2021-06-01 12:53:54.091565+00', 'On Course - Racing: Stuck on track', 'Redcar', '', 127),
(335, '2021-06-01 14:01:30.474747+00', 'On Course - Racing: Stuck on track', 'Redcar', '', 138),
(336, '2021-06-01 14:01:50.668578+00', 'On Course - Racing: Stuck on track', 'Redcar', '', 28),
(337, '2021-06-01 15:08:32.735267+00', 'On Course - Racing: Stuck on track', 'Redcar', '', 36),
(338, '2021-06-02 12:17:08.350881+00', 'On Course - Racing: Stuck on track', 'Ayr', '', 9),
(339, '2021-06-02 12:17:27.018125+00', 'On Course - Racing: Stuck on track', 'Ayr', '', 121),
(340, '2021-06-02 12:21:53.051779+00', 'On Course - Racing: Stuck on track', 'Cartmel', '', 17),
(341, '2021-06-02 12:22:07.433073+00', 'On Course - Racing: Stuck on track', 'Cartmel', '', 34),
(342, '2021-06-02 12:22:41.665033+00', 'On Course - Racing: Stuck on track', 'Cartmel', '', 31),
(343, '2021-06-02 12:59:10.162771+00', 'On Course - Racing: Stuck on track', 'Cartmel', '', 144),
(344, '2021-06-02 12:59:23.440526+00', 'On Course - Racing: Stuck on track', 'Cartmel', '', 2),
(345, '2021-06-02 13:27:04.818508+00', 'On Course - Racing: Stuck on track', 'Cartmel', '', 24),
(346, '2021-06-02 13:27:31.169686+00', 'On Course - Racing: Stuck on track', 'Cartmel', '', 80),
(347, '2021-06-02 13:27:48.668289+00', 'On Course - Racing: Stuck on track', 'Cartmel', '', 56),
(348, '2021-06-02 14:25:51.38977+00', 'On Course - Racing: Stuck on track', 'Ayr', '', 44),
(349, '2021-06-02 14:26:21.885047+00', 'On Course - Racing: Stuck on track', 'Ayr', '', 5),
(350, '2021-06-02 14:37:41.03722+00', 'On Course - Racing: Stuck on track', 'Ayr', '', 140),
(351, '2021-06-02 17:16:52.246343+00', 'On Course - Racing: Stuck on track', 'Cartmel', '', 129),
(352, '2021-06-02 17:17:10.45047+00', 'On Course - Racing: Stuck on track', 'Cartmel', '', 66),
(353, '2021-06-02 17:17:27.98759+00', 'On Course - Racing: Stuck on track', 'Cartmel', '', 7),
(354, '2021-06-06 13:05:39.281489+00', 'On Course - Racing: Stuck on track', 'Perth', '', 9),
(355, '2021-06-06 13:06:08.394826+00', 'On Course - Racing: Stuck on track', 'Perth', '', 121),
(356, '2021-06-07 17:22:58.981059+00', 'On Course - Racing: Stuck on track', 'Pontefract', '', 142),
(357, '2021-06-07 17:23:16.214905+00', 'On Course - Racing: Stuck on track', 'Pontefract', '', 144),
(358, '2021-06-07 17:23:27.38931+00', 'On Course - Racing: Stuck on track', 'Pontefract', '', 71),
(359, '2021-06-07 18:17:18.435009+00', 'On Course - Racing: Stuck on track', 'Pontefract', '', 17),
(360, '2021-06-07 18:17:44.880976+00', 'On Course - Racing: Stuck on track', 'Pontefract', '', 142),
(361, '2021-06-07 18:52:28.708212+00', 'On Course - Racing: Stuck on track', 'Pontefract', '', 7),
(362, '2021-06-11 12:50:08.11516+00', 'On Course - Racing: Not to course', 'York', '', 3),
(363, '2021-06-11 14:00:44.740506+00', 'On Course - Racing: Not to course', 'York', '', 25),
(364, '2021-06-11 14:01:02.864743+00', 'On Course - Racing: Not to course', 'York', '', 34),
(365, '2021-06-11 14:01:16.161686+00', 'On Course - Racing: Stuck on track', 'York', '', 131),
(366, '2021-06-11 14:01:28.811881+00', 'On Course - Racing: Stuck on track', 'York', '', 19),
(367, '2021-06-11 14:01:43.865153+00', 'On Course - Racing: Stuck on track', 'York', '', 28),
(368, '2021-06-11 14:02:06.447652+00', 'On Course - Racing: Stuck on track', 'York', '', 160),
(369, '2021-06-11 17:59:44.145203+00', 'On Course - Racing: Stuck on track', 'Aintree', '', 5),
(370, '2021-06-15 12:14:50.241558+00', 'On Course - Racing: Stuck on track', 'Thirsk', '', 161),
(371, '2021-06-15 12:15:07.561137+00', 'On Course - Racing: Stuck on track', 'Thirsk', '', 142),
(372, '2021-06-15 14:09:21.260039+00', 'On Course - Racing: Not to course', 'Thirsk', '', 133),
(373, '2021-06-15 14:09:42.047014+00', 'On Course - Racing: Stuck on track', 'Thirsk', '', 127),
(374, '2021-06-16 14:56:25.545193+00', 'On Course - Racing: Stuck on track', 'Hamilton', '', 109),
(375, '2021-06-16 15:46:29.272281+00', 'On Course - Racing: Stuck on track', 'Hamilton', '', 5),
(376, '2021-06-20 13:24:14.343267+00', 'On Course - Racing: Stuck on track', 'Pontefract', '', 107),
(377, '2021-06-20 13:24:31.747375+00', 'On Course - Racing: Stuck on track', 'Pontefract', '', 135),
(378, '2021-06-20 13:24:48.77449+00', 'On Course - Racing: Stuck on track', 'Pontefract', '', 71),
(379, '2021-06-20 15:01:52.58474+00', 'On Course - Racing: Not to course', 'Pontefract', '', 6),
(380, '2021-06-20 15:02:11.525887+00', 'On Course - Racing: Stuck on track', 'Pontefract', '', 70),
(381, '2021-06-20 16:08:15.922166+00', 'On Course - Racing: Stuck on track', 'Pontefract', '', 2),
(382, '2021-06-24 12:12:17.851986+00', 'On Course - Racing: Stuck on track', 'Nottingham', '', 140),
(383, '2021-06-24 13:04:36.466048+00', 'On Course - Racing: Not to course', 'Nottingham', '', 164),
(384, '2021-06-24 13:04:36.808054+00', 'On Course - Racing: Not to course', 'Nottingham', '', 164),
(385, '2021-06-28 14:02:14.741027+00', 'On Course - Racing: Not to course', 'Pontefract', '', 107),
(386, '2021-06-28 14:02:45.569293+00', 'On Course - Racing: Stuck on track', 'Pontefract', '', 120),
(387, '2021-06-28 14:03:08.030679+00', 'On Course - Racing: Not to course', 'Pontefract', '', 164),
(388, '2021-06-28 18:51:57.256985+00', 'On Course - Racing: Stuck on track', 'Musselburgh', '', 121),
(389, '2021-06-28 18:52:11.083189+00', 'On Course - Racing: Stuck on track', 'Musselburgh', '', 13),
(390, '2021-06-28 18:55:41.690521+00', 'On Course - Racing: Not to course', 'Musselburgh', '', 85);

INSERT INTO "public"."unit_logs_enable" ("id", "number", "date_added", "status", "start_date") VALUES
(5, 134, '2021-02-23', 'In Service', NULL),
(6, 131, '2021-03-10', 'In Service', NULL),
(7, 130, '2021-06-02', 'In Service', NULL),
(8, 155, '2021-06-16', 'In Service', '2021-05-01'),
(9, 147, '2021-06-16', 'In Service', '2021-05-01'),
(10, 103, '2021-06-08', 'In Repair', NULL),
(11, 153, '2021-06-16', 'In Service', '2021-05-01'),
(13, 158, '2021-06-16', 'In Service', '2021-05-01'),
(14, 48, '2021-06-16', 'Not In Service', '2019-08-01'),
(15, 12, '2021-06-16', 'In Service', '2019-07-01'),
(16, 154, '2021-06-16', 'In Service', '2021-05-01'),
(17, 142, '2021-01-06', 'In Service', NULL),
(18, 104, '2021-03-15', 'In Service', NULL),
(20, 159, '2021-06-16', 'In Service', '2021-05-01'),
(21, 82, '2021-03-26', 'In Service', NULL),
(22, 123, '2021-03-27', 'Not In Service', NULL),
(23, 93, '2021-06-16', 'In Repair', '2019-09-01'),
(24, 57, '2021-06-16', 'In Service', '2019-08-01'),
(25, 156, '2021-06-16', 'In Service', '2021-05-01'),
(26, 114, '2021-01-06', 'In Service', NULL),
(27, 152, '2021-06-16', 'In Service', '2021-05-01'),
(28, 105, '2021-04-21', 'In Service', NULL),
(29, 111, '2021-06-11', 'In Service', NULL),
(30, 141, '2021-06-02', 'In Service', NULL),
(31, 128, '2021-06-23', 'In Service', NULL),
(32, 116, '2021-06-08', 'In Service', NULL),
(33, 144, '2021-06-16', 'In Service', '2021-05-01'),
(34, 151, '2021-06-16', 'In Service', '2021-05-01'),
(35, 101, '2021-06-23', 'In Service', NULL),
(36, 102, '2021-03-15', 'In Service', NULL),
(37, 145, '2021-06-16', 'In Service', '2021-05-01'),
(38, 150, '2021-06-16', 'In Service', '2021-05-01'),
(39, 125, '2021-05-31', 'In Repair', NULL),
(40, 109, '2021-04-08', 'In Service', NULL),
(41, 135, '2021-06-08', 'In Service', NULL),
(42, 157, '2021-06-23', 'In Service', '2021-05-01'),
(43, 110, '2021-06-11', 'In Service', NULL),
(44, 83, '2021-06-16', 'In Service', '2019-09-01'),
(45, 115, '2021-06-08', 'Not In Service', NULL),
(46, 129, '2021-05-31', 'In Service', NULL),
(47, 85, '2021-06-16', 'In Service', '2019-09-01'),
(48, 139, '2021-06-08', 'In Service', NULL),
(49, 160, '2021-06-16', 'In Service', '2021-05-01'),
(50, 106, '2021-02-09', 'In Service', NULL),
(51, 90, '2021-06-16', 'In Service', '2019-09-01'),
(52, 146, '2021-06-16', 'In Service', '2021-05-01'),
(53, 148, '2021-06-23', 'In Service', '2021-05-01'),
(54, 87, '2021-06-16', 'In Service', '2019-09-01'),
(55, 117, '2021-05-13', 'In Repair', NULL),
(56, 108, '2021-01-06', 'In Service', NULL),
(57, 132, '2021-01-06', 'Not In Service', NULL),
(58, 137, '2021-06-08', 'Not In Service', NULL),
(59, 143, '2021-06-16', 'In Service', '2021-05-01'),
(60, 127, '2021-05-13', 'In Service', NULL),
(61, 140, '2021-02-20', 'In Service', NULL),
(62, 126, '2021-01-06', 'In Service', NULL),
(64, 149, '2021-06-28', 'Not In Service', '2021-05-01'),
(65, 69, '2021-06-16', 'Not In Service', '2019-08-01'),
(66, 107, '2021-03-27', 'In Service', NULL),
(67, 17, '2021-06-16', 'Not In Service', '2019-07-01'),
(68, 6, '2021-06-16', 'Not In Service', '2019-07-01'),
(69, 120, '2021-03-23', 'In Service', NULL),
(70, 28, '2021-06-16', 'Not In Service', '2019-07-01'),
(71, 44, '2021-06-16', 'In Service', '2019-08-01'),
(72, 65, '2021-06-16', 'Not In Service', '2019-08-01'),
(73, 39, '2021-06-16', 'In Repair', '2019-08-01'),
(75, 67, '2021-06-16', 'In Service', '2019-08-01'),
(76, 3, '2021-06-16', 'Not In Service', '2019-07-01'),
(77, 2, '2021-06-16', 'In Service', '2019-07-01'),
(79, 59, '2021-06-16', 'Not In Service', '2019-08-01'),
(80, 33, '2021-06-16', 'Not In Service', '2019-07-01'),
(81, 71, '2021-06-16', 'Not In Service', '2019-08-01'),
(82, 35, '2021-06-16', 'Not In Service', '2019-08-01'),
(83, 10, '2021-06-16', 'Not In Service', '2019-07-01'),
(84, 60, '2021-06-16', 'Not In Service', '2019-08-01'),
(85, 9, '2021-06-16', 'In Service', '2019-07-01'),
(86, 74, '2021-06-16', 'In Service', '2019-08-01'),
(87, 15, '2021-06-16', 'Not In Service', '2019-07-01'),
(88, 124, '2021-06-08', 'Not In Service', NULL),
(89, 88, '2021-06-16', 'In Service', '2019-09-01'),
(90, 96, '2021-06-16', 'In Service', '2019-09-01'),
(91, 86, '2021-06-16', 'In Repair', '2019-09-01'),
(92, 118, '2021-01-13', 'In Repair', NULL),
(93, 84, '2021-06-16', 'Not In Service', '2019-09-01'),
(94, 70, '2021-06-16', 'Not In Service', '2019-08-01'),
(95, 53, '2021-06-16', 'In Service', '2019-08-01'),
(96, 62, '2021-06-16', 'In Service', '2019-08-01'),
(97, 31, '2021-06-16', 'Not In Service', '2019-07-01'),
(98, 24, '2021-06-16', 'Not In Service', '2019-07-01'),
(99, 49, '2021-06-16', 'Not In Service', '2019-08-01'),
(100, 66, '2021-06-16', 'Not In Service', '2019-08-01'),
(101, 27, '2021-06-16', 'Not In Service', '2019-07-01'),
(102, 30, '2021-06-16', 'Not In Service', '2019-07-01'),
(103, 54, '2021-06-16', 'Not In Service', '2019-07-01'),
(104, 7, '2021-06-16', 'Not In Service', '2019-07-01'),
(105, 8, '2021-06-16', 'Not In Service', '2019-07-01'),
(106, 98, '2021-01-11', 'Not In Service', NULL),
(107, 45, '2021-06-16', 'Not In Service', '2019-08-01'),
(108, 63, '2021-06-16', 'Not In Service', '2019-08-01'),
(109, 32, '2021-06-16', 'Not In Service', '2019-07-01'),
(110, 11, '2021-06-16', 'Not In Service', '2019-07-01'),
(111, 72, '2021-06-16', 'In Service', '2019-08-01'),
(112, 97, '2021-01-11', 'Not In Service', NULL),
(113, 121, '2021-01-11', 'Not In Service', NULL),
(114, 113, '2021-01-11', 'Not In Service', NULL),
(115, 43, '2021-06-16', 'Not In Service', '2019-08-01'),
(116, 79, '2021-06-16', 'In Service', '2019-08-01'),
(117, 14, '2021-06-16', 'Not In Service', '2019-07-01'),
(118, 41, '2021-06-16', 'Not In Service', '2019-08-01'),
(119, 75, '2021-06-16', 'Not In Service', '2019-08-01'),
(120, 29, '2021-06-16', 'Not In Service', '2019-07-01'),
(121, 50, '2021-06-16', 'In Repair', '2019-08-01'),
(122, 36, '2021-06-16', 'Not In Service', '2019-08-01'),
(123, 37, '2021-06-16', 'In Service', '2019-08-01'),
(124, 40, '2021-06-16', 'Not In Service', '2019-08-01'),
(125, 64, '2021-06-16', 'In Service', '2019-08-01'),
(126, 4, '2021-06-16', 'Not In Service', '2019-07-01'),
(127, 26, '2021-06-16', 'Not In Service', '2019-07-01'),
(128, 20, '2021-06-16', 'Not In Service', '2019-07-01'),
(129, 13, '2021-06-16', 'Not In Service', '2019-07-01'),
(130, 51, '2021-06-16', 'In Repair', '2019-08-01'),
(131, 61, '2021-06-16', 'In Service', '2019-08-01'),
(132, 112, '2021-06-02', 'In Service', NULL),
(133, 89, '2021-06-16', 'In Service', '2019-09-01'),
(134, 46, '2021-06-16', 'Not In Service', '2019-08-01'),
(135, 5, '2021-06-16', 'Not In Service', '2019-07-01'),
(136, 76, '2021-06-16', 'In Service', '2019-08-01'),
(137, 92, '2021-06-16', 'In Repair', '2019-09-01'),
(138, 166, '2021-06-16', 'In Service', '2021-05-01'),
(139, 161, '2021-06-16', 'In Service', '2021-05-01'),
(140, 168, '2021-06-16', 'In Service', '2021-05-01'),
(141, 167, '2021-06-16', 'In Service', '2021-05-01'),
(142, 164, '2021-06-16', 'In Service', '2021-05-01'),
(143, 163, '2021-06-16', 'In Service', '2021-05-01'),
(144, 162, '2021-06-16', 'In Service', '2021-05-01'),
(145, 165, '2021-06-16', 'In Service', '2021-05-01'),
(146, 172, '2021-06-16', 'In Service', '2021-05-01'),
(147, 177, '2021-06-23', 'In Service', '2021-05-01'),
(148, 176, '2021-06-16', 'In Service', '2021-05-01'),
(149, 173, '2021-06-16', 'In Service', '2021-05-01'),
(150, 174, '2021-06-16', 'In Service', '2021-05-01'),
(151, 175, '2021-06-16', 'In Service', '2021-05-01'),
(152, 171, '2021-06-16', 'In Service', '2021-05-01'),
(153, 170, '2021-06-16', 'In Service', '2021-05-01'),
(154, 184, '2021-06-23', 'In Service', '2021-05-01'),
(155, 192, '2021-06-16', 'In Service', '2021-05-01'),
(156, 191, '2021-06-16', 'In Service', '2021-05-01'),
(157, 190, '2021-06-16', 'In Service', '2021-05-01'),
(158, 188, '2021-06-16', 'In Service', '2021-05-01'),
(159, 182, '2021-06-16', 'In Service', '2021-05-01'),
(160, 187, '2021-06-16', 'In Service', '2021-05-01'),
(161, 194, '2021-06-16', 'In Service', '2021-05-01'),
(162, 181, '2021-06-23', 'In Service', '2021-05-01'),
(163, 195, '2021-06-16', 'In Service', '2021-05-01'),
(164, 183, '2021-06-16', 'In Service', '2021-05-01'),
(165, 186, '2021-06-16', 'In Service', '2021-05-01'),
(166, 180, '2021-06-16', 'In Service', '2021-05-01'),
(167, 179, '2021-06-16', 'In Service', '2021-05-01'),
(168, 193, '2021-06-16', 'In Service', '2021-05-01'),
(169, 178, '2021-06-07', 'In Service', NULL),
(170, 189, '2021-06-16', 'In Service', '2021-05-01'),
(171, 185, '2021-06-23', 'In Service', '2021-05-01'),
(172, 1, '2021-06-16', 'Not In Service', '2019-07-01'),
(173, 119, '2021-06-08', 'Not In Service', NULL),
(174, 136, '2021-06-08', 'Not In Service', NULL),
(175, 138, '2021-06-08', 'Not In Service', NULL),
(176, 22, '2021-06-16', 'Not In Service', '2019-07-01'),
(177, 23, '2021-06-16', 'Not In Service', '2019-07-01'),
(178, 25, '2021-06-16', 'Not In Service', '2019-07-01'),
(179, 34, '2021-06-16', 'Not In Service', '2019-08-01'),
(180, 38, '2021-06-16', 'Not In Service', '2019-08-01'),
(181, 42, '2021-06-16', 'Not In Service', '2019-08-01'),
(182, 55, '2021-06-16', 'Not In Service', '2019-08-01'),
(183, 58, '2021-06-16', 'Not In Service', '2019-08-01'),
(184, 68, '2021-06-16', 'Not In Service', '2019-08-01'),
(185, 73, '2021-06-16', 'Not In Service', '2019-08-01'),
(186, 78, '2021-06-16', 'Not In Service', '2019-08-01'),
(187, 80, '2021-06-16', 'Not In Service', '2019-08-01'),
(188, 91, '2021-06-16', 'Not In Service', '2019-09-01'),
(189, 94, '2021-06-16', 'Not In Service', '2019-09-01'),
(190, 47, '2021-06-16', 'Not In Service', '2019-08-01'),
(191, 77, '2021-06-16', 'Not In Service', '2019-08-01');

INSERT INTO "public"."unit_logs_enable_entry" ("id", "date_added", "status", "venue", "comments", "enable_id") VALUES
(5, '2021-01-06 15:21:21.267721+00', 'Failed Battery', 'Kempton Park', 'no lights', 62),
(6, '2021-01-06 15:43:54.350262+00', 'Stick', 'Kempton Park', '', 6),
(7, '2021-01-06 16:24:35.048938+00', 'Stick', 'Kempton Park', '', 39),
(8, '2021-01-06 17:19:51.837555+00', 'Missing', 'Kempton Park', '', 50),
(9, '2021-01-06 17:20:13.50247+00', 'Stick', 'Kempton Park', '', 55),
(10, '2021-01-06 17:48:36.835458+00', 'Stick', 'Kempton Park', '', 39),
(11, '2021-01-06 17:50:51.454283+00', 'Stick', 'Kempton Park', '', 61),
(12, '2021-01-06 18:21:46.236032+00', 'No Solid White', 'Kempton Park', '', 56),
(13, '2021-01-06 18:21:56.232051+00', 'No Solid White', 'Kempton Park', '', 57),
(14, '2021-01-07 11:25:27.991054+00', 'Connector Broken', 'Kempton Park', '', 64),
(15, '2021-01-07 11:39:45.104515+00', 'In Repair', 'Kempton Park', '', 57),
(16, '2021-01-08 09:07:47.349908+00', 'In Refurb - Send for mechanical repair', NULL, '', 89),
(17, '2021-01-13 20:07:05.573948+00', 'On Course - Racing: Not to course', 'Kempton Park', '', 50),
(18, '2021-01-19 13:30:08.83497+00', 'On Course - Racing: Stuck on track', 'Exeter', '', 6),
(19, '2021-01-19 13:30:27.146614+00', 'On Course - Racing: Stuck on track', 'Exeter', '', 54),
(20, '2021-01-19 14:01:10.401182+00', 'On Course - Racing: Not to course', 'Exeter', '', 122),
(21, '2021-01-19 14:01:24.474099+00', 'On Course - Racing: Not to course', 'Exeter', '', 86),
(22, '2021-01-19 14:01:37.146595+00', 'On Course - Racing: Not to course', 'Exeter', '', 119),
(23, '2021-01-19 14:25:32.882308+00', 'On Course - Racing: Not to course', 'Exeter', '', 73),
(24, '2021-01-19 14:26:04.239355+00', 'On Course - Racing: Not to course', 'Exeter', '', 126),
(25, '2021-01-19 14:26:16.954348+00', 'On Course - Racing: Not to course', 'Exeter', '', 124),
(26, '2021-01-19 14:26:31.058443+00', 'On Course - Racing: Not to course', 'Exeter', '', 16),
(27, '2021-01-19 14:26:48.350397+00', 'On Course - Racing: Not to course', 'Exeter', '', 75),
(28, '2021-01-19 14:27:16.753807+00', 'On Course - Racing: Stuck on track', 'Exeter', '', 45),
(29, '2021-01-19 14:28:00.456761+00', 'On Course - Racing: Stuck on track', 'Exeter', '', 55),
(30, '2021-01-19 14:54:34.663886+00', 'On Course - Racing: Not to course', 'Exeter', '', 67),
(31, '2021-01-19 14:54:50.035172+00', 'On Course - Racing: Not to course', 'Exeter', '', 77),
(32, '2021-01-19 14:55:17.089392+00', 'On Course - Racing: Not to course', 'Exeter', '', 50),
(33, '2021-01-19 14:55:30.946373+00', 'On Course - Racing: Not to course', 'Exeter', '', 76),
(34, '2021-01-19 14:55:48.478215+00', 'On Course - Racing: Stuck on track', 'Exeter', '', 20),
(35, '2021-01-19 14:56:06.5327+00', 'On Course - Racing: Stuck on track', 'Exeter', '', 43),
(36, '2021-01-19 14:56:28.834318+00', 'On Course - Racing: Stuck on track', 'Exeter', '', 6),
(37, '2021-01-19 14:56:48.038242+00', 'On Course - Racing: Stuck on track', 'Exeter', '', 46),
(38, '2021-01-19 15:22:05.771544+00', 'On Course - Racing: Not to course', 'Exeter', '', 123),
(39, '2021-01-19 15:24:08.402485+00', 'On Course - Racing: Stuck on track', 'Exeter', '', 29),
(40, '2021-01-19 15:55:08.788585+00', 'On Course - Racing: Not to course', 'Exeter', '', 97),
(41, '2021-01-19 15:55:20.604431+00', 'On Course - Racing: Not to course', 'Exeter', '', 122),
(42, '2021-01-19 15:55:42.996661+00', 'On Course - Racing: Not to course', 'Exeter', '', 86),
(43, '2021-01-20 13:01:11.965742+00', 'On Course - Racing: Not to course', 'Newbury', '', 50),
(44, '2021-01-20 13:02:16.143339+00', 'On Course - Racing: Not to course', 'Newbury', '', 67),
(45, '2021-01-20 13:34:32.688356+00', 'On Course - Racing: Stuck on track', 'Newbury', '', 35),
(46, '2021-01-20 13:34:59.667622+00', 'On Course - Racing: Stuck on track', 'Newbury', '', 88),
(47, '2021-01-20 14:08:14.570132+00', 'On Course - Racing: Not to course', 'Newbury', '', 127),
(48, '2021-01-20 14:09:03.876388+00', 'On Course - Racing: Stuck on track', 'Newbury', '', 45),
(49, '2021-01-20 14:09:24.997909+00', 'On Course - Racing: Stuck on track', 'Newbury', '', 43),
(50, '2021-01-20 14:09:39.245636+00', 'On Course - Racing: Stuck on track', 'Newbury', '', 51),
(51, '2021-01-20 14:39:03.860679+00', 'On Course - Racing: Not to course', 'Newbury', '', 72),
(52, '2021-01-21 13:59:59.413423+00', 'On Course - Racing: Not to course', 'Wincanton', '', 121),
(53, '2021-01-21 14:01:19.877039+00', 'On Course - Racing: Stuck on track', 'Wincanton', '', 72),
(54, '2021-01-21 14:01:38.221203+00', 'On Course - Racing: Stuck on track', 'Wincanton', '', 6),
(55, '2021-01-21 14:29:13.164009+00', 'On Course - Racing: Stuck on track', 'Wincanton', '', 54),
(56, '2021-01-21 14:29:26.052355+00', 'On Course - Racing: Stuck on track', 'Wincanton', '', 37),
(57, '2021-01-21 15:03:12.645589+00', 'On Course - Racing: Not to course', 'Wincanton', '', 127),
(58, '2021-01-21 15:03:27.214655+00', 'On Course - Racing: Not to course', 'Wincanton', '', 123),
(59, '2021-01-21 15:04:11.948857+00', 'On Course - Racing: Stuck on track', 'Wincanton', '', 43),
(60, '2021-01-21 15:04:26.964651+00', 'On Course - Racing: Stuck on track', 'Wincanton', '', 39),
(61, '2021-01-25 16:56:15.114162+00', 'On Course - Racing: Stuck on track', 'Kempton Park', '', 8),
(62, '2021-01-25 17:19:53.757125+00', 'On Course - Racing: Not to course', 'Kempton Park', '', 54),
(63, '2021-01-25 18:47:57.68766+00', 'On Course - Racing: Stuck on track', 'Kempton Park', '', 27),
(65, '2021-01-30 16:59:22.323929+00', 'On Course - Racing: Not to course', 'Kempton Park', '', 86),
(66, '2021-01-30 17:37:08.138252+00', 'On Course - Racing: Stuck on track', 'Kempton Park', '', 11),
(67, '2021-02-03 14:23:30.057803+00', 'In Refurb - Send for mechanical repair', 'Kempton Park', '', 54),
(68, '2021-02-04 09:50:00.691511+00', 'In Refurb - Send for mechanical repair', NULL, '', 45),
(69, '2021-02-04 09:59:16.730624+00', 'In Refurb - Send for mechanical repair', NULL, '', 72),
(70, '2021-02-04 12:38:13.625302+00', 'On Course - Racing: Stuck on track', 'Wincanton', '', 6),
(71, '2021-02-04 12:38:48.625508+00', 'On Course - Racing: Stuck on track', 'Wincanton', '', 32),
(72, '2021-02-04 12:39:19.562252+00', 'On Course - Racing: Stuck on track', 'Wincanton', '', 28),
(73, '2021-02-04 14:20:37.11764+00', 'On Course - Racing: Not to course', 'Wincanton', '', 73),
(74, '2021-02-04 14:27:00.064973+00', 'On Course - Racing: Not to course', 'Wincanton', '', 97),
(75, '2021-02-04 14:27:28.402359+00', 'On Course - Racing: Stuck on track', 'Wincanton', '', 39),
(76, '2021-02-04 14:28:04.803617+00', 'On Course - Racing: Stuck on track', 'Wincanton', '', 43),
(77, '2021-02-06 13:07:40.152255+00', 'On Course - Racing: Not to course', 'Musselburgh', '', 126),
(78, '2021-02-06 13:07:54.013935+00', 'On Course - Racing: Not to course', 'Musselburgh', '', 83),
(79, '2021-02-06 13:08:08.966407+00', 'On Course - Racing: Not to course', 'Musselburgh', '', 116),
(80, '2021-02-06 13:22:07.654974+00', 'On Course - Racing: Stuck on track', 'Sandown Park', '', 11),
(81, '2021-02-06 13:57:04.187484+00', 'On Course - Racing: Stuck on track', 'Sandown Park', '', 55),
(83, '2021-02-06 14:48:48.993876+00', 'On Course - Racing: Not to course', 'Musselburgh', '', 125),
(84, '2021-02-06 14:53:49.888308+00', 'On Course - Racing: Not to course', 'Sandown Park', '', 69),
(85, '2021-02-06 14:59:19.56803+00', 'On Course - Racing: Stuck on track', 'Sandown Park', '', 46),
(86, '2021-02-09 17:20:45.200447+00', 'In Refurb - Send for mechanical repair', NULL, 'needs reflashing', 91),
(87, '2021-02-11 12:41:31.023286+00', 'On Course - Racing: Not to course', 'Kempton Park', '', 50),
(88, '2021-02-11 12:42:02.738556+00', 'On Course - Racing: Not to course', 'Kempton Park', '', 9),
(89, '2021-02-11 13:21:16.298843+00', 'On Course - Racing: Not to course', 'Kempton Park', '', 127),
(90, '2021-02-11 14:13:55.960591+00', 'On Course - Racing: Not to course', 'Kempton Park', '', 117),
(91, '2021-02-11 15:15:47.809551+00', 'On Course - Racing: Not to course', 'Kempton Park', '', 77),
(92, '2021-02-11 15:16:22.907105+00', 'On Course - Racing: Not to course', 'Kempton Park', '', 75),
(93, '2021-02-11 15:16:46.910675+00', 'On Course - Racing: Not to course', 'Kempton Park', '', 97),
(94, '2021-02-18 12:39:56.743759+00', 'On Course - Racing: Not to course', 'Leicester', '', 127),
(95, '2021-02-18 13:37:01.150516+00', 'On Course - Racing: Stuck on track', 'Sandown Park', '', 69),
(96, '2021-02-18 13:37:36.841097+00', 'On Course - Racing: Stuck on track', 'Sandown Park', '', 25),
(128, '2021-02-19 13:12:20.245596+00', 'On Course - Test: No Solid White', 'Kelso', 'no lights', 85),
(129, '2021-02-19 15:31:01.120825+00', 'On Course - Racing: Stuck on track', 'Kelso', '', 126),
(130, '2021-02-20 12:37:43.353082+00', 'On Course - Test: No Solid White', 'Wincanton', '', 10),
(131, '2021-02-20 12:38:03.55589+00', 'On Course - Test: No Solid White', 'Wincanton', 'no lights', 46),
(132, '2021-02-20 12:38:23.555865+00', 'On Course - Test: No Solid White', 'Wincanton', 'no lights', 55),
(133, '2021-02-20 12:38:37.531731+00', 'On Course - Test: No Solid White', 'Wincanton', '', 123),
(134, '2021-02-20 12:39:04.364134+00', 'On Course - Test: No Solid White', 'Wincanton', 'no lights', 123),
(135, '2021-02-20 12:39:23.030544+00', 'On Course - Test: No Solid White', 'Wincanton', 'no lights', 95),
(136, '2021-02-20 12:40:18.956519+00', 'On Course - Test: No Solid White', 'Wincanton', 'no lights', 121),
(137, '2021-02-20 13:13:20.441041+00', 'On Course - Racing: Stuck on track', 'Wincanton', '', 25),
(138, '2021-02-20 13:13:40.018926+00', 'On Course - Racing: Stuck on track', 'Wincanton', '', 35),
(139, '2021-02-20 13:58:55.543934+00', 'On Course - Racing: Not to course', 'Wincanton', '', 131),
(140, '2021-02-20 13:59:12.776826+00', 'On Course - Racing: Stuck on track', 'Wincanton', '', 28),
(141, '2021-02-20 14:17:47.549909+00', 'On Course - Racing: Stuck on track', 'Wincanton', '', 61),
(142, '2021-02-20 14:18:03.133125+00', 'On Course - Racing: Stuck on track', 'Wincanton', '', 69),
(143, '2021-02-20 14:18:18.773154+00', 'On Course - Racing: Stuck on track', 'Wincanton', '', 39),
(144, '2021-02-20 14:34:45.494965+00', 'On Course - Racing: Not to course', 'Wincanton', '', 5),
(145, '2021-02-20 14:55:35.421059+00', 'On Course - Racing: Stuck on track', 'Wincanton', '', 25),
(146, '2021-02-20 15:21:45.162648+00', 'On Course - Racing: Stuck on track', 'Wincanton', '', 60),
(147, '2021-02-20 15:22:22.851222+00', 'On Course - Racing: Stuck on track', 'Wincanton', '', 40),
(148, '2021-02-20 16:04:12.390411+00', 'On Course - Racing: Stuck on track', 'Wincanton', '', 88),
(149, '2021-02-21 13:59:36.100266+00', 'On Course - Racing: Stuck on track', 'Newbury', '', 89),
(150, '2021-02-21 14:00:14.85581+00', 'On Course - Racing: Stuck on track', 'Newbury', '', 25),
(151, '2021-02-22 13:46:13.825611+00', 'On Course - Racing: Stuck on track', 'Carlisle', '', 116),
(153, '2021-02-23 12:33:10.666023+00', 'On Course - Racing: Not to course', 'Taunton', '', 41),
(154, '2021-02-23 12:33:29.530393+00', 'On Course - Racing: Stuck on track', 'Taunton', '', 132),
(155, '2021-02-23 13:02:40.516718+00', 'On Course - Racing: Not to course', 'Taunton', '', 43),
(156, '2021-02-23 13:03:01.933929+00', 'On Course - Racing: Not to course', 'Taunton', '', 10),
(157, '2021-02-23 13:03:26.614026+00', 'On Course - Racing: Stuck on track', 'Taunton', '', 39),
(158, '2021-02-23 13:03:44.163065+00', 'On Course - Racing: Stuck on track', 'Taunton', '', 120),
(159, '2021-02-23 13:04:22.029239+00', 'On Course - Racing: Stuck on track', 'Taunton', '', 53),
(160, '2021-02-23 13:07:27.103161+00', 'On Course - Racing: Stuck on track', 'Taunton', '', 16),
(161, '2021-02-23 13:07:44.255312+00', 'On Course - Racing: Stuck on track', 'Taunton', '', 7),
(162, '2021-02-23 14:08:33.990022+00', 'On Course - Racing: Stuck on track', 'Taunton', '', 35),
(163, '2021-02-23 14:31:37.705155+00', 'On Course - Racing: Not to course', 'Taunton', '', 28),
(164, '2021-02-23 14:31:55.535938+00', 'On Course - Racing: Stuck on track', 'Taunton', '', 51),
(165, '2021-02-23 14:32:10.421037+00', 'On Course - Racing: Stuck on track', 'Taunton', '', 5),
(166, '2021-02-23 15:08:40.635737+00', 'On Course - Racing: Stuck on track', 'Taunton', '', 6),
(168, '2021-02-23 15:46:29.930038+00', 'On Course - Racing: Stuck on track', 'Taunton', '', 23),
(169, '2021-02-23 15:46:40.478818+00', 'On Course - Racing: Stuck on track', 'Taunton', '', 88),
(170, '2021-02-24 17:20:47.326912+00', 'On Course - Racing: Not to course', 'Kempton Park', '', 131),
(171, '2021-02-24 17:21:05.788955+00', 'On Course - Racing: Not to course', 'Kempton Park', '', 119),
(172, '2021-02-24 17:21:30.699047+00', 'On Course - Racing: Not to course', 'Kempton Park', '', 127),
(173, '2021-02-24 17:22:09.372013+00', 'On Course - Racing: Not to course', 'Kempton Park', '', 79),
(174, '2021-02-24 17:22:27.894615+00', 'On Course - Racing: Not to course', 'Kempton Park', '', 73),
(175, '2021-02-24 17:22:42.545886+00', 'On Course - Racing: Stuck on track', 'Kempton Park', '', 59),
(176, '2021-02-24 17:23:02.628146+00', 'On Course - Racing: Stuck on track', 'Kempton Park', '', 36),
(177, '2021-02-24 17:51:31.161817+00', 'On Course - Racing: Stuck on track', 'Kempton Park', '', 39),
(178, '2021-02-24 17:52:12.948711+00', 'On Course - Racing: Stuck on track', 'Kempton Park', '', 25),
(179, '2021-02-24 18:19:57.13197+00', 'On Course - Racing: Stuck on track', 'Kempton Park', '', 29),
(180, '2021-02-24 20:00:25.16903+00', 'On Course - Racing: Stuck on track', 'Kempton Park', '', 55),
(181, '2021-02-24 20:00:43.837075+00', 'On Course - Racing: Not to course', 'Kempton Park', '', 122),
(182, '2021-02-26 12:38:11.702394+00', 'On Course - Racing: Not to course', 'Exeter', '', 121),
(183, '2021-02-26 12:38:59.00258+00', 'On Course - Racing: Not to course', 'Exeter', '', 122),
(184, '2021-02-26 12:39:34.532231+00', 'On Course - Racing: Not to course', 'Exeter', '', 22),
(185, '2021-02-26 12:39:57.038732+00', 'On Course - Racing: Not to course', 'Exeter', '', 34),
(186, '2021-02-26 13:06:57.345587+00', 'On Course - Racing: Not to course', 'Exeter', '', 120),
(187, '2021-02-26 13:07:22.937429+00', 'On Course - Racing: Not to course', 'Exeter', '', 95),
(188, '2021-02-26 13:07:40.010355+00', 'On Course - Racing: Not to course', 'Exeter', '', 117),
(189, '2021-02-26 13:08:07.698099+00', 'On Course - Racing: Not to course', 'Exeter', '', 89),
(190, '2021-02-27 13:25:45.444243+00', 'On Course - Racing: Not to course', 'Kempton Park', '', 131),
(191, '2021-02-27 13:26:13.539459+00', 'On Course - Racing: Stuck on track', 'Kempton Park', '', 48),
(192, '2021-02-27 13:26:45.511377+00', 'On Course - Racing: Stuck on track', 'Kempton Park', '', 25),
(193, '2021-02-27 13:56:40.599255+00', 'On Course - Racing: Stuck on track', 'Kempton Park', '', 39),
(194, '2021-02-27 13:57:13.947244+00', 'On Course - Racing: Stuck on track', 'Kempton Park', '', 55),
(195, '2021-02-27 14:30:37.680481+00', 'On Course - Racing: Not to course', 'Kempton Park', '', 77),
(196, '2021-02-27 14:31:25.449195+00', 'On Course - Racing: Stuck on track', 'Kempton Park', '', 6),
(197, '2021-02-27 15:06:06.903598+00', 'On Course - Racing: Stuck on track', 'Kempton Park', '', 38),
(198, '2021-02-27 15:06:27.074915+00', 'On Course - Racing: Stuck on track', 'Kempton Park', '', 36),
(199, '2021-02-27 16:29:59.141413+00', 'On Course - Racing: Stuck on track', 'Kempton Park', '', 44),
(200, '2021-03-01 15:11:48.819776+00', 'On Course - Racing: Not to course', 'Ayr', '', 126),
(201, '2021-03-01 15:12:19.35722+00', 'On Course - Racing: Stuck on track', 'Ayr', '', 137),
(202, '2021-03-03 13:40:16.80767+00', 'On Course - Racing: Stuck on track', 'Wincanton', '', 53),
(203, '2021-03-03 13:40:43.40249+00', 'On Course - Racing: Stuck on track', 'Wincanton', '', 84),
(204, '2021-03-03 13:41:09.935215+00', 'On Course - Racing: Stuck on track', 'Wincanton', '', 72),
(205, '2021-03-03 13:41:33.122055+00', 'On Course - Racing: Stuck on track', 'Wincanton', '', 71),
(206, '2021-03-03 13:42:00.665883+00', 'On Course - Racing: Stuck on track', 'Wincanton', '', 10),
(207, '2021-03-05 13:21:29.740155+00', 'On Course - Racing: Stuck on track', 'Newbury', '', 39),
(208, '2021-03-05 15:29:13.459307+00', 'On Course - Racing: Stuck on track', 'Newbury', '', 35),
(209, '2021-03-05 15:29:38.819725+00', 'On Course - Racing: Stuck on track', 'Newbury', '', 25),
(210, '2021-03-06 13:06:39.223824+00', 'On Course - Racing: Stuck on track', 'Newbury', '', 96),
(211, '2021-03-06 13:07:41.107239+00', 'On Course - Racing: Stuck on track', 'Newbury', '', 97),
(212, '2021-03-06 13:08:05.371775+00', 'On Course - Racing: Stuck on track', 'Newbury', '', 10),
(213, '2021-03-06 13:08:28.476347+00', 'On Course - Racing: Stuck on track', 'Newbury', '', 9),
(214, '2021-03-06 13:56:23.602456+00', 'On Course - Racing: Stuck on track', 'Newbury', '', 50),
(215, '2021-03-09 12:38:36.112935+00', 'On Course - Racing: Stuck on track', 'Exeter', '', 53),
(216, '2021-03-09 12:39:09.378713+00', 'On Course - Racing: Stuck on track', 'Exeter', '', 39),
(217, '2021-03-09 12:39:29.277171+00', 'On Course - Racing: Stuck on track', 'Exeter', '', 36),
(218, '2021-03-09 13:07:43.352949+00', 'On Course - Racing: Not to course', 'Exeter', '', 77),
(219, '2021-03-09 13:08:33.32192+00', 'On Course - Racing: Not to course', 'Exeter', '', 95),
(220, '2021-03-09 13:08:58.475593+00', 'On Course - Racing: Stuck on track', 'Exeter', '', 6),
(221, '2021-03-09 13:09:19.294705+00', 'On Course - Racing: Stuck on track', 'Exeter', '', 66),
(222, '2021-03-09 14:12:20.684988+00', 'On Course - Racing: Not to course', 'Exeter', '', 111),
(223, '2021-03-09 14:12:43.366709+00', 'On Course - Racing: Not to course', 'Exeter', '', 131),
(224, '2021-03-09 14:12:43.583336+00', 'On Course - Racing: Not to course', 'Exeter', '', 131),
(225, '2021-03-09 14:13:10.095966+00', 'On Course - Racing: Not to course', 'Exeter', '', 127),
(226, '2021-03-09 14:13:35.833704+00', 'On Course - Racing: Stuck on track', 'Exeter', '', 45),
(227, '2021-03-09 14:14:01.568615+00', 'On Course - Racing: Stuck on track', 'Exeter', '', 71),
(228, '2021-03-09 14:47:53.228302+00', 'On Course - Racing: Stuck on track', 'Exeter', '', 132),
(229, '2021-03-09 15:18:39.018352+00', 'On Course - Racing: Stuck on track', 'Exeter', '', 69),
(230, '2021-03-10 16:41:09.253029+00', 'On Course - Racing: Not to course', 'Kempton Park', '', 121),
(231, '2021-03-10 17:23:01.692296+00', 'On Course - Racing: Stuck on track', 'Kempton Park', '', 6),
(232, '2021-03-10 17:23:17.630995+00', 'On Course - Racing: Stuck on track', 'Kempton Park', '', 8),
(233, '2021-03-10 17:23:35.008379+00', 'On Course - Racing: Stuck on track', 'Kempton Park', '', 7),
(234, '2021-03-10 18:23:35.973894+00', 'On Course - Racing: Not to course', 'Kempton Park', '', 120),
(235, '2021-03-10 18:24:00.051085+00', 'On Course - Racing: Not to course', 'Kempton Park', '', 72),
(236, '2021-03-10 18:24:52.186909+00', 'On Course - Racing: Stuck on track', 'Kempton Park', '', 39),
(237, '2021-03-10 18:25:09.568688+00', 'On Course - Racing: Stuck on track', 'Kempton Park', '', 89),
(238, '2021-03-10 18:53:05.516063+00', 'On Course - Racing: Not to course', 'Kempton Park', '', 131),
(239, '2021-03-10 18:53:45.39049+00', 'On Course - Racing: Stuck on track', 'Kempton Park', '', 108),
(240, '2021-03-10 19:20:48.442918+00', 'On Course - Racing: Not to course', 'Kempton Park', '', 121),
(241, '2021-03-10 19:21:03.200875+00', 'On Course - Racing: Stuck on track', 'Kempton Park', '', 7),
(242, '2021-03-10 19:51:25.92423+00', 'On Course - Racing: Stuck on track', 'Kempton Park', '', 52),
(243, '2021-03-12 15:58:32.52775+00', 'On Course - Racing: Stuck on track', 'Sandown Park', '', 7),
(244, '2021-03-15 14:49:30.739966+00', 'On Course - Racing: Stuck on track', 'Taunton', '', 123),
(245, '2021-03-15 14:49:43.540924+00', 'On Course - Racing: Stuck on track', 'Taunton', '', 77),
(246, '2021-03-15 15:18:27.315657+00', 'On Course - Racing: Stuck on track', 'Taunton', '', 51),
(247, '2021-03-15 15:18:44.933433+00', 'On Course - Racing: Stuck on track', 'Taunton', '', 127),
(248, '2021-03-15 16:13:45.774234+00', 'On Course - Racing: Stuck on track', 'Taunton', '', 15),
(249, '2021-03-15 16:13:57.512757+00', 'On Course - Racing: Stuck on track', 'Taunton', '', 34),
(250, '2021-03-15 16:14:08.489109+00', 'On Course - Racing: Stuck on track', 'Taunton', '', 90),
(251, '2021-03-15 16:14:23.486807+00', 'On Course - Racing: Stuck on track', 'Taunton', '', 7),
(252, '2021-03-15 16:24:57.747036+00', 'On Course - Racing: Stuck on track', 'Taunton', '', 23),
(253, '2021-03-15 16:48:26.151433+00', 'On Course - Racing: Stuck on track', 'Taunton', '', 29),
(254, '2021-03-15 16:48:39.924319+00', 'On Course - Racing: Stuck on track', 'Taunton', '', 36),
(255, '2021-03-15 16:48:59.062448+00', 'On Course - Racing: Stuck on track', 'Taunton', '', 18),
(256, '2021-03-15 16:49:11.014652+00', 'On Course - Racing: Stuck on track', 'Taunton', '', 51),
(257, '2021-03-15 17:15:35.671919+00', 'On Course - Racing: Stuck on track', 'Taunton', '', 46),
(258, '2021-03-15 17:15:46.216955+00', 'On Course - Racing: Stuck on track', 'Taunton', '', 53),
(259, '2021-03-15 17:16:02.619252+00', 'On Course - Racing: Stuck on track', 'Taunton', '', 124),
(260, '2021-03-16 14:57:55.98926+00', 'On Course - Racing: Stuck on track', 'Cheltenham', '', 23),
(261, '2021-03-16 14:58:15.449158+00', 'On Course - Racing: Stuck on track', 'Cheltenham', '', 88),
(262, '2021-03-16 14:58:30.201386+00', 'On Course - Racing: Stuck on track', 'Cheltenham', '', 58),
(263, '2021-03-16 14:58:51.408821+00', 'On Course - Racing: Stuck on track', 'Cheltenham', '', 25),
(264, '2021-03-17 14:44:05.675746+00', 'On Course - Racing: Stuck on track', 'Cheltenham', '', 7),
(297, '2021-03-20 13:36:31.142241+00', 'On Course - Racing: Not to course', 'Kempton Park', '', 58),
(298, '2021-03-20 13:36:55.944849+00', 'On Course - Racing: Stuck on track', 'Kempton Park', '', 42),
(299, '2021-03-22 14:23:32.006242+00', 'On Course - Test: No Solid White', 'Kelso', '', 85),
(300, '2021-03-22 16:05:14.297537+00', 'On Course - Racing: Stuck on track', 'Kelso', '', 126),
(301, '2021-03-23 14:15:17.290682+00', 'On Course - Racing: Not to course', 'Taunton', '', 124),
(302, '2021-03-23 14:15:39.36429+00', 'On Course - Racing: Not to course', 'Taunton', '', 90),
(303, '2021-03-23 14:15:56.138947+00', 'On Course - Racing: Not to course', 'Taunton', '', 40),
(304, '2021-03-23 14:16:11.206314+00', 'On Course - Racing: Stuck on track', 'Taunton', '', 69),
(305, '2021-03-23 14:16:24.314094+00', 'On Course - Racing: Stuck on track', 'Taunton', '', 48),
(306, '2021-03-23 14:43:37.163774+00', 'On Course - Racing: Stuck on track', 'Taunton', '', 42),
(307, '2021-03-23 14:44:14.563901+00', 'On Course - Racing: Stuck on track', 'Taunton', '', 88),
(308, '2021-03-23 15:19:22.346255+00', 'On Course - Racing: Stuck on track', 'Taunton', '', 28),
(309, '2021-03-23 15:19:34.866769+00', 'On Course - Racing: Stuck on track', 'Taunton', '', 25),
(310, '2021-03-23 15:19:47.625984+00', 'On Course - Racing: Stuck on track', 'Taunton', '', 54),
(311, '2021-03-23 15:20:01.155774+00', 'On Course - Racing: Not to course', 'Taunton', '', 75),
(312, '2021-03-23 15:20:16.61694+00', 'On Course - Racing: Not to course', 'Taunton', '', 51),
(313, '2021-03-23 15:57:10.623957+00', 'On Course - Racing: Stuck on track', 'Taunton', '', 22),
(314, '2021-03-23 15:57:33.36807+00', 'On Course - Racing: Stuck on track', 'Taunton', '', 38),
(315, '2021-03-23 15:57:46.267149+00', 'On Course - Racing: Stuck on track', 'Taunton', '', 133),
(316, '2021-03-23 16:09:14.457364+00', 'On Course - Racing: Not to course', 'Taunton', '', 54),
(317, '2021-03-23 16:09:41.182976+00', 'On Course - Racing: Not to course', 'Taunton', '', 123),
(318, '2021-03-23 16:16:19.775272+00', 'On Course - Racing: Stuck on track', 'Taunton', '', 24),
(319, '2021-03-23 16:19:16.490131+00', 'On Course - Racing: Stuck on track', 'Taunton', '', 7),
(320, '2021-03-23 16:19:39.827812+00', 'On Course - Racing: Stuck on track', 'Taunton', '', 75),
(321, '2021-03-23 16:29:57.496008+00', 'On Course - Racing: Stuck on track', 'Wetherby', '', 51),
(322, '2021-03-23 16:56:53.341078+00', 'On Course - Racing: Stuck on track', 'Taunton', '', 53),
(323, '2021-03-23 16:57:03.235581+00', 'On Course - Racing: Stuck on track', 'Taunton', '', 37),
(324, '2021-03-23 16:57:15.665041+00', 'On Course - Racing: Stuck on track', 'Taunton', '', 30),
(325, '2021-03-26 12:40:22.204903+00', 'On Course - Racing: Stuck on track', 'Newbury', '', 30),
(326, '2021-03-26 14:09:05.140726+00', 'On Course - Racing: Not to course', 'Musselburgh', '', 83),
(327, '2021-03-26 14:38:39.473275+00', 'On Course - Racing: Stuck on track', 'Musselburgh', '', 21),
(328, '2021-03-26 14:48:22.285386+00', 'On Course - Racing: Stuck on track', 'Newbury', '', 22),
(329, '2021-03-26 15:26:32.719754+00', 'On Course - Racing: Stuck on track', 'Newbury', '', 47),
(330, '2021-03-26 15:41:58.901837+00', 'On Course - Racing: Not to course', 'Musselburgh', '', 86),
(331, '2021-03-26 15:42:55.58725+00', 'On Course - Racing: Not to course', 'Musselburgh', '', 70),
(332, '2021-03-26 15:43:28.343278+00', 'On Course - Racing: Not to course', 'Musselburgh', '', 67),
(333, '2021-03-26 16:17:46.287802+00', 'On Course - Racing: Not to course', 'Musselburgh', '', 85),
(334, '2021-03-27 14:09:14.896352+00', 'On Course - Racing: Stuck on track', 'Kelso', '', 126),
(335, '2021-03-27 17:47:01.674039+00', 'On Course - Racing: Stuck on track', 'Newbury', '', 66),
(336, '2021-04-08 12:52:55.65486+00', 'On Course - Racing: Stuck on track', 'Aintree', '', 25),
(337, '2021-04-08 12:53:23.478994+00', 'On Course - Racing: Stuck on track', 'Aintree', '', 29),
(338, '2021-04-08 12:53:39.143386+00', 'On Course - Racing: Stuck on track', 'Aintree', '', 64),
(339, '2021-04-08 12:54:02.926182+00', 'On Course - Racing: Stuck on track', 'Aintree', '', 30),
(340, '2021-04-08 13:32:07.654448+00', 'On Course - Racing: Stuck on track', 'Aintree', '', 20),
(341, '2021-04-08 13:32:20.898915+00', 'On Course - Racing: Stuck on track', 'Aintree', '', 40),
(342, '2021-04-08 14:04:07.891272+00', 'On Course - Racing: Stuck on track', 'Aintree', '', 46),
(343, '2021-04-15 12:32:13.152968+00', 'On Course - Racing: Not to course', 'Cheltenham', '', 117),
(344, '2021-04-15 14:04:25.028839+00', 'On Course - Racing: Stuck on track', 'Cheltenham', '', 51),
(345, '2021-04-15 14:16:22.682075+00', 'On Course - Racing: Not to course', 'Cheltenham', '', 83),
(346, '2021-04-15 14:24:59.522616+00', 'On Course - Racing: Stuck on track', 'Cheltenham', '', 125),
(347, '2021-04-21 16:38:13.314278+00', 'On Course - Racing: Stuck on track', 'Taunton', '', 28),
(348, '2021-04-21 16:38:26.308601+00', 'On Course - Racing: Stuck on track', 'Taunton', '', 89),
(349, '2021-04-21 16:38:41.12937+00', 'On Course - Racing: Stuck on track', 'Taunton', '', 37),
(350, '2021-04-21 17:01:18.073489+00', 'On Course - Racing: Not to course', 'Taunton', '', 71),
(352, '2021-04-21 17:03:37.160266+00', 'On Course - Racing: Stuck on track', 'Taunton', '', 8),
(353, '2021-04-21 17:38:54.627623+00', 'On Course - Racing: Stuck on track', 'Taunton', '', 46),
(354, '2021-04-21 17:39:08.203092+00', 'On Course - Racing: Stuck on track', 'Taunton', '', 96),
(355, '2021-04-21 17:39:26.837706+00', 'On Course - Racing: Stuck on track', 'Taunton', '', 58),
(356, '2021-04-21 17:39:39.549678+00', 'On Course - Racing: Stuck on track', 'Taunton', '', 35),
(357, '2021-04-21 17:39:57.636625+00', 'On Course - Racing: Stuck on track', 'Taunton', '', 42),
(358, '2021-04-21 17:40:22.117066+00', 'On Course - Racing: Stuck on track', 'Taunton', '', 24),
(359, '2021-04-21 18:07:00.156949+00', 'On Course - Racing: Stuck on track', 'Taunton', '', 15),
(360, '2021-04-22 18:04:03.388059+00', 'On Course - Racing: Not to course', 'Exeter', '', 96),
(361, '2021-04-22 18:04:21.953854+00', 'On Course - Racing: Stuck on track', 'Exeter', '', 16),
(362, '2021-04-24 13:42:17.013645+00', 'On Course - Racing: Stuck on track', 'Sandown Park', '', 37),
(363, '2021-04-24 15:24:14.075113+00', 'On Course - Racing: Stuck on track', 'Sandown Park', '', 75),
(364, '2021-04-24 15:24:30.937143+00', 'On Course - Racing: Stuck on track', 'Sandown Park', '', 48),
(365, '2021-04-24 15:24:43.336349+00', 'On Course - Racing: Stuck on track', 'Haydock', '', 58),
(366, '2021-04-30 12:42:51.293612+00', 'On Course - Racing: Not to course', 'Goodwood', '', 131),
(367, '2021-04-30 12:43:20.593959+00', 'On Course - Racing: Not to course', 'Goodwood', '', 95),
(368, '2021-05-05 17:15:32.842282+00', 'On Course - Racing: Not to course', 'Kempton Park', '', 96),
(369, '2021-05-05 17:16:24.781682+00', 'On Course - Racing: Not to course', 'Kempton Park', '', 75),
(370, '2021-05-05 17:16:38.642731+00', 'On Course - Racing: Stuck on track', 'Kempton Park', '', 133),
(371, '2021-05-13 10:10:00.697472+00', 'In Refurb - Send for mechanical repair', NULL, '', 55),
(372, '2021-05-13 12:21:41.493501+00', 'On Course - Racing: Stuck on track', 'Salisbury', '', 30),
(373, '2021-05-13 12:21:54.101539+00', 'On Course - Racing: Stuck on track', 'Salisbury', '', 86),
(374, '2021-05-13 12:22:21.385936+00', 'On Course - Racing: Stuck on track', 'Salisbury', '', 138),
(375, '2021-05-13 13:46:59.753331+00', 'On Course - Racing: Stuck on track', 'Salisbury', '', 60),
(376, '2021-05-13 13:47:25.488346+00', 'On Course - Racing: Stuck on track', 'Salisbury', '', 139),
(377, '2021-05-13 13:47:38.481895+00', 'On Course - Racing: Stuck on track', 'Salisbury', '', 53),
(378, '2021-05-13 13:47:49.72567+00', 'On Course - Racing: Stuck on track', 'Salisbury', '', 33),
(379, '2021-05-18 08:28:05.109403+00', 'In Refurb - Broken beyond repair', NULL, '', 67),
(380, '2021-05-21 13:28:52.969961+00', 'On Course - Racing: Stuck on track', 'Haydock', '', 35),
(381, '2021-05-26 19:02:14.748961+00', 'On Course - Racing: Stuck on track', 'Warwick', '', 37),
(382, '2021-05-31 12:37:47.325559+00', 'On Course - Racing: Stuck on track', 'Huntingdon', '', 46),
(383, '2021-05-31 12:38:04.453728+00', 'On Course - Racing: Stuck on track', 'Huntingdon', '', 39),
(384, '2021-05-31 12:38:31.093838+00', 'On Course - Racing: Stuck on track', 'Huntingdon', '', 44),
(385, '2021-05-31 12:38:43.191817+00', 'On Course - Racing: Stuck on track', 'Huntingdon', '', 7),
(386, '2021-05-31 12:38:54.536765+00', 'On Course - Racing: Stuck on track', 'Huntingdon', '', 147),
(387, '2021-05-31 12:39:06.17148+00', 'On Course - Racing: Stuck on track', 'Huntingdon', '', 9),
(388, '2021-06-02 17:18:00.542849+00', 'On Course - Racing: Stuck on track', 'Kempton Park', '', 42),
(389, '2021-06-02 17:18:13.695832+00', 'On Course - Racing: Stuck on track', 'Kempton Park', '', 48),
(390, '2021-06-02 17:18:29.720603+00', 'On Course - Racing: Stuck on track', 'Kempton Park', '', 138),
(391, '2021-06-02 17:19:05.751668+00', 'On Course - Racing: Stuck on track', 'Kempton Park', '', 29),
(392, '2021-06-02 17:19:21.575637+00', 'On Course - Racing: Stuck on track', 'Kempton Park', '', 132),
(393, '2021-06-02 17:19:38.946943+00', 'On Course - Racing: Stuck on track', 'Kempton Park', '', 30),
(394, '2021-06-02 17:49:21.970277+00', 'On Course - Racing: Stuck on track', 'Kempton Park', '', 15),
(395, '2021-06-02 17:49:53.53424+00', 'On Course - Racing: Stuck on track', 'Kempton Park', '', 51),
(396, '2021-06-02 17:50:06.121642+00', 'On Course - Racing: Stuck on track', 'Kempton Park', '', 7),
(397, '2021-06-08 14:34:55.665252+00', 'Out of Service and Returned for Refurb', NULL, '', 10),
(398, '2021-06-11 16:24:57.063146+00', 'On Course - Racing: Stuck on track', 'Goodwood', '', 29),
(399, '2021-06-11 16:33:50.01679+00', 'On Course - Racing: Not to course', NULL, 'Fairyhouse', 170),
(400, '2021-06-11 16:34:12.475146+00', 'On Course - Racing: Not to course', NULL, 'Fairyhouse', 158),
(401, '2021-06-11 18:38:18.315475+00', 'On Course - Racing: Stuck on track', 'Goodwood', '', 43),
(402, '2021-06-23 14:05:57.10638+00', 'On Course - Racing: Stuck on track', 'Salisbury', '', 53),
(403, '2021-06-23 14:06:18.402628+00', 'On Course - Racing: Stuck on track', 'Salisbury', '', 154),
(404, '2021-06-23 14:06:33.723497+00', 'On Course - Racing: Stuck on track', 'Salisbury', '', 147),
(405, '2021-06-23 14:06:53.147984+00', 'On Course - Racing: Stuck on track', 'Salisbury', '', 162),
(406, '2021-06-23 14:07:08.138415+00', 'On Course - Racing: Stuck on track', 'Salisbury', '', 35),
(407, '2021-06-23 14:07:55.302198+00', 'On Course - Racing: Stuck on track', 'Salisbury', '', 31),
(408, '2021-06-23 14:08:11.081036+00', 'On Course - Racing: Stuck on track', 'Salisbury', '', 171),
(409, '2021-06-23 14:08:30.445548+00', 'On Course - Racing: Stuck on track', 'Salisbury', '', 42);

INSERT INTO "public"."unit_logs_entry" ("id", "date_added", "status", "venue", "comments", "winx_id") VALUES
(1, '2021-01-07 16:12:50.889792+00', 'Out of Service and Returned for Refurb', NULL, '', 74),
(2, '2021-01-07 16:14:09.467953+00', 'Out of Service and Returned for Refurb', NULL, '', 75),
(3, '2021-01-09 12:11:33.190873+00', 'On Course - Racing: Not to course', 'Kempton Park', '', 21),
(4, '2021-01-09 12:12:01.626834+00', 'On Course - Racing: Stuck on track', 'Kempton Park', '', 7),
(5, '2021-01-09 12:12:28.390483+00', 'On Course - Racing: Stuck on track', 'Kempton Park', '', 11),
(6, '2021-01-13 20:07:52.967324+00', 'On Course - Racing: Stuck on track', 'Kempton Park', '', 89),
(7, '2021-01-19 14:28:19.693098+00', 'On Course - Racing: Stuck on track', 'Exeter', '', 3),
(8, '2021-01-19 14:53:13.301738+00', 'On Course - Racing: Not to course', 'Exeter', '', 78),
(9, '2021-01-19 15:23:26.125355+00', 'On Course - Racing: Not to course', 'Exeter', '', 4),
(10, '2021-01-19 15:23:37.234728+00', 'On Course - Racing: Not to course', 'Exeter', '', 1),
(11, '2021-01-20 13:02:48.967655+00', 'On Course - Racing: Not to course', 'Newbury', '', 4),
(12, '2021-01-20 14:38:46.987374+00', 'On Course - Racing: Not to course', 'Newbury', '', 76),
(13, '2021-01-20 15:12:34.178457+00', 'On Course - Racing: Stuck on track', 'Newbury', '', 71),
(14, '2021-01-21 11:34:53.420467+00', 'On Course - Test: No Orange', 'Ludlow', '', 21),
(15, '2021-01-21 13:15:46.142737+00', 'On Course - Racing: Stuck on track', 'Ludlow', '', 38),
(16, '2021-01-21 13:16:01.410499+00', 'On Course - Racing: Stuck on track', 'Ludlow', '', 31),
(17, '2021-01-21 13:49:42.899952+00', 'On Course - Racing: Stuck on track', 'Ludlow', '', 70),
(18, '2021-01-25 16:54:23.446461+00', 'On Course - Racing: Not to course', 'Kempton Park', '', 4),
(19, '2021-01-25 16:54:52.511783+00', 'On Course - Racing: Not to course', 'Kempton Park', '', 1),
(20, '2021-01-25 16:55:31.019333+00', 'On Course - Racing: Not to course', 'Kempton Park', '', 76),
(21, '2021-01-27 16:03:53.053952+00', 'On Course - Test: No Solid White', 'Kempton Park', '', 16),
(22, '2021-01-27 16:04:08.637732+00', 'On Course - Test: No Solid White', 'Kempton Park', '', 23),
(23, '2021-01-27 16:25:12.552169+00', 'On Course - Racing: Stuck on track', 'Kempton Park', '', 12),
(24, '2021-01-27 16:53:43.209995+00', 'On Course - Racing: Stuck on track', 'Kempton Park', '', 9),
(25, '2021-01-27 16:54:02.478761+00', 'On Course - Racing: Stuck on track', 'Kempton Park', '', 11),
(26, '2021-01-27 16:54:19.208324+00', 'On Course - Racing: Stuck on track', 'Kempton Park', '', 7),
(27, '2021-01-27 18:57:21.620806+00', 'On Course - Racing: Stuck on track', 'Kempton Park', '', 69),
(28, '2021-01-27 18:57:33.530172+00', 'On Course - Racing: Stuck on track', 'Kempton Park', '', 25),
(29, '2021-02-03 11:04:14.166349+00', 'On Course - Test: No Solid White', 'Warwick', '', 16),
(30, '2021-02-03 15:49:07.785244+00', 'On Course - Racing: Not to course', 'Warwick', '', 35),
(31, '2021-02-04 09:49:36.342202+00', 'In Refurb - Send for mechanical repair', 'Kempton Park', '', 116),
(32, '2021-02-04 09:56:47.837315+00', 'In Refurb - Send for mechanical repair', NULL, '', 17),
(33, '2021-02-04 09:57:59.834118+00', 'In Refurb - Send for mechanical repair', NULL, '', 6),
(34, '2021-02-06 14:17:25.442074+00', 'On Course - Racing: Stuck on track', 'Musselburgh', '', 19),
(35, '2021-02-06 14:17:43.251219+00', 'On Course - Racing: Stuck on track', 'Musselburgh', '', 20),
(36, '2021-02-06 14:47:40.043562+00', 'On Course - Racing: Not to course', 'Musselburgh', '', 82),
(37, '2021-02-07 13:48:58.413544+00', 'On Course - Racing: Not to course', 'Musselburgh', '', 76),
(38, '2021-02-07 13:50:18.27547+00', 'On Course - Racing: Stuck on track', 'Musselburgh', '', 19),
(39, '2021-02-09 11:35:20.935184+00', 'On Course - Test: No Solid White', NULL, 'No Lights', 52),
(40, '2021-02-09 11:35:41.878706+00', NULL, NULL, 'No Lights', 2),
(41, '2021-02-09 13:24:05.915846+00', 'On Course - Racing: Stuck on track', 'Kempton Park', '', 3),
(42, '2021-02-09 13:24:26.732629+00', 'On Course - Racing: Stuck on track', 'Kempton Park', '', 38),
(43, '2021-02-09 13:24:56.213871+00', 'On Course - Racing: Stuck on track', 'Kempton Park', '', 23),
(44, '2021-02-09 14:57:10.605553+00', 'On Course - Racing: Stuck on track', 'Kempton Park', '', 56),
(45, '2021-02-09 14:57:28.702499+00', 'On Course - Racing: Stuck on track', 'Kempton Park', '', 7),
(46, '2021-02-09 14:57:43.040779+00', 'On Course - Racing: Stuck on track', 'Kempton Park', '', 38),
(47, '2021-02-09 14:58:04.110807+00', 'On Course - Racing: Stuck on track', 'Kempton Park', '', 15),
(48, '2021-02-09 14:58:24.177993+00', 'On Course - Racing: Stuck on track', 'Haydock', '', 45),
(49, '2021-02-09 14:58:39.728036+00', 'On Course - Racing: Stuck on track', 'Kempton Park', '', 58),
(50, '2021-02-09 14:58:59.743617+00', 'On Course - Racing: Stuck on track', 'Kempton Park', '', 69),
(51, '2021-02-09 14:59:13.584399+00', 'On Course - Racing: Stuck on track', 'Kempton Park', '', 8),
(52, '2021-02-11 14:47:37.209142+00', 'On Course - Racing: Not to course', 'Kempton Park', '', 113),
(53, '2021-02-16 13:05:44.237316+00', 'On Course - Racing: Stuck on track', 'Catterick Bridge', '', 19),
(54, '2021-02-19 13:14:13.230754+00', 'On Course - Test: No Solid White', 'Kelso', 'no lights', 82),
(55, '2021-02-19 13:22:12.662657+00', 'On Course - Racing: Not to course', 'Kelso', '', 4),
(56, '2021-02-19 14:51:51.145748+00', 'On Course - Racing: Not to course', 'Kelso', '', 21),
(57, '2021-02-19 14:52:49.061194+00', 'On Course - Racing: Not to course', 'Kelso', '', 20),
(58, '2021-02-19 16:08:31.186054+00', 'On Course - Racing: Stuck on track', 'Dundalk', '', 56),
(59, '2021-02-19 16:08:49.20241+00', 'On Course - Racing: Stuck on track', 'Dundalk', '', 12),
(60, '2021-02-19 16:09:06.725969+00', 'On Course - Racing: Stuck on track', 'Dundalk', '', 11),
(61, '2021-02-19 16:09:18.49109+00', 'On Course - Racing: Stuck on track', 'Dundalk', '', 112),
(62, '2021-02-19 18:04:43.61193+00', 'On Course - Racing: Stuck on track', 'Kelso', '', 25),
(63, '2021-02-19 18:04:58.476969+00', 'On Course - Racing: Stuck on track', 'Kelso', '', 44),
(64, '2021-02-19 18:05:08.157835+00', 'On Course - Racing: Stuck on track', 'Kelso', '', 89),
(65, '2021-02-22 13:47:06.902647+00', 'On Course - Racing: Stuck on track', 'Carlisle', '', 20),
(66, '2021-02-24 12:51:10.828943+00', 'On Course - Test: No Solid White', 'Ludlow', 'no lights', 5),
(67, '2021-02-24 12:51:55.413613+00', 'On Course - Test: No Solid White', 'Ludlow', 'no lights', 8),
(68, '2021-02-24 12:52:18.250676+00', 'On Course - Test: No Solid White', 'Ludlow', '', 78),
(69, '2021-02-24 12:52:39.976068+00', 'On Course - Test: No Solid White', 'Ludlow', '', 113),
(70, '2021-02-24 13:26:33.242682+00', 'On Course - Racing: Stuck on track', 'Ludlow', '', 107),
(71, '2021-02-24 13:26:49.116113+00', 'On Course - Racing: Stuck on track', 'Ludlow', '', 36),
(72, '2021-02-24 13:27:01.072979+00', 'On Course - Racing: Stuck on track', 'Ludlow', '', 106),
(73, '2021-02-24 13:27:13.084398+00', 'On Course - Racing: Stuck on track', 'Ludlow', '', 80),
(74, '2021-02-24 13:27:27.662796+00', 'On Course - Racing: Stuck on track', 'Ludlow', '', 80),
(75, '2021-02-24 13:27:46.720475+00', 'On Course - Racing: Stuck on track', 'Ludlow', '', 25),
(76, '2021-02-24 13:28:00.69695+00', 'On Course - Racing: Stuck on track', 'Ludlow', '', 105),
(77, '2021-02-24 14:02:18.926913+00', 'On Course - Racing: Stuck on track', 'Ludlow', '', 59),
(78, '2021-02-24 14:34:46.871322+00', 'On Course - Racing: Stuck on track', 'Ludlow', '', 62),
(79, '2021-02-24 14:34:57.775227+00', 'On Course - Racing: Stuck on track', 'Ludlow', '', 48),
(80, '2021-02-24 15:51:43.072197+00', 'On Course - Racing: Stuck on track', 'Ludlow', '', 54),
(81, '2021-02-25 12:41:49.286687+00', 'On Course - Racing: Not to course', 'Huntingdon', '', 5),
(82, '2021-02-25 13:08:39.884391+00', 'On Course - Racing: Not to course', 'Huntingdon', '', 39),
(83, '2021-02-25 13:09:05.470517+00', 'On Course - Racing: Stuck on track', 'Huntingdon', '', 23),
(84, '2021-02-25 13:09:45.919491+00', 'On Course - Racing: Stuck on track', 'Huntingdon', '', 25),
(85, '2021-02-25 13:10:09.035632+00', 'On Course - Racing: Stuck on track', 'Huntingdon', '', 40),
(86, '2021-02-25 13:39:18.123553+00', 'On Course - Racing: Stuck on track', 'Huntingdon', '', 27),
(87, '2021-02-25 14:15:26.115438+00', 'On Course - Racing: Stuck on track', 'Huntingdon', '', 109),
(88, '2021-02-25 14:16:09.729182+00', 'On Course - Racing: Stuck on track', 'Huntingdon', '', 122),
(89, '2021-02-26 12:08:06.530662+00', 'On Course - Test: No Solid White', 'Warwick', 'no lights', 5),
(90, '2021-02-26 12:08:26.526992+00', 'On Course - Test: No Solid White', 'Warwick', 'no lights', 14),
(91, '2021-02-26 12:08:42.328062+00', 'On Course - Test: No Solid White', 'Warwick', '', 16),
(92, '2021-02-26 12:08:57.532484+00', 'On Course - Test: No Solid White', 'Warwick', '', 113),
(93, '2021-02-26 12:09:15.612312+00', 'On Course - Test: No Solid White', 'Warwick', '', 8),
(94, '2021-03-01 09:44:08.98991+00', 'In Refurb - Send for mechanical repair', NULL, '', 53),
(95, '2021-03-01 13:28:54.73315+00', 'On Course - Test: No Orange', 'Ayr', 'no lights', 82),
(96, '2021-03-01 13:31:03.785155+00', 'On Course - Racing: Stuck on track', 'Ayr', '', 19),
(97, '2021-03-01 14:03:09.205269+00', 'On Course - Racing: Not to course', 'Ayr', '', 1),
(98, '2021-03-01 14:03:22.333435+00', 'On Course - Racing: Not to course', 'Ayr', '', 76),
(99, '2021-03-01 14:03:32.560035+00', 'On Course - Racing: Not to course', 'Ayr', '', 20),
(100, '2021-03-03 16:50:52.892738+00', 'On Course - Racing: Stuck on track', 'Kempton Park', '', 108),
(101, '2021-03-03 16:51:19.375551+00', 'On Course - Racing: Stuck on track', 'Kempton Park', '', 41),
(102, '2021-03-06 13:37:16.101082+00', 'On Course - Racing: Not to course', 'Kelso', '', 21),
(103, '2021-03-06 14:12:24.689967+00', 'On Course - Racing: Not to course', 'Kelso', '', 4),
(104, '2021-03-06 14:12:44.758758+00', 'On Course - Racing: Stuck on track', 'Kelso', '', 19),
(105, '2021-03-06 14:13:06.558598+00', 'On Course - Racing: Stuck on track', 'Kelso', '', 20),
(106, '2021-03-07 14:05:08.060461+00', 'On Course - Racing: Stuck on track', 'Huntingdon', '', 48),
(107, '2021-03-07 15:13:58.868267+00', 'On Course - Racing: Not to course', 'Huntingdon', '', 22),
(108, '2021-03-07 15:14:17.835012+00', 'On Course - Racing: Stuck on track', 'Huntingdon', '', 9),
(109, '2021-03-07 15:14:34.873872+00', 'On Course - Racing: Stuck on track', 'Huntingdon', '', 12),
(110, '2021-03-07 15:42:27.678309+00', 'On Course - Racing: Stuck on track', 'Huntingdon', '', 11),
(111, '2021-03-07 16:13:50.745127+00', 'On Course - Racing: Stuck on track', 'Huntingdon', '', 34),
(112, '2021-03-07 16:14:12.39395+00', 'On Course - Racing: Stuck on track', 'Huntingdon', '', 122),
(113, '2021-03-07 16:14:28.380215+00', 'On Course - Racing: Stuck on track', 'Huntingdon', '', 23),
(114, '2021-03-07 16:14:49.150096+00', 'On Course - Racing: Stuck on track', 'Huntingdon', '', 37),
(115, '2021-03-07 16:15:05.470193+00', 'On Course - Racing: Stuck on track', 'Huntingdon', '', 48),
(117, '2021-03-14 15:20:33.821899+00', 'On Course - Racing: Stuck on track', 'Warwick', '', 15),
(118, '2021-03-14 15:51:29.607259+00', 'On Course - Racing: Stuck on track', 'Warwick', '', 114),
(119, '2021-03-14 15:51:51.597916+00', 'On Course - Racing: Stuck on track', 'Warwick', '', 112),
(120, '2021-03-15 12:38:28.200008+00', 'On Course - Test: No Solid White', 'Stratford-On-Avon', 'no lights - boxed', 111),
(121, '2021-03-15 12:38:54.536087+00', 'On Course - Test: No Solid White', 'Stratford-On-Avon', 'no lights - boxed', 67),
(122, '2021-03-15 12:39:22.204181+00', 'On Course - Racing: Stuck on track', 'Stratford-On-Avon', '', 62),
(123, '2021-03-15 13:42:31.054863+00', 'On Course - Racing: Stuck on track', 'Stratford-On-Avon', '', 34),
(124, '2021-03-15 13:42:45.812354+00', 'On Course - Racing: Stuck on track', 'Stratford-On-Avon', '', 31),
(125, '2021-03-15 14:48:30.776469+00', 'On Course - Racing: Stuck on track', 'Stratford-On-Avon', '', 38),
(126, '2021-03-15 14:48:47.290195+00', 'On Course - Racing: Stuck on track', 'Taunton', '', 119),
(127, '2021-03-15 15:17:46.992261+00', 'On Course - Racing: Stuck on track', 'Stratford-On-Avon', '', 8),
(128, '2021-03-15 15:17:55.723616+00', 'On Course - Racing: Stuck on track', 'Stratford-On-Avon', '', 15),
(129, '2021-03-15 15:18:10.570408+00', 'On Course - Racing: Stuck on track', 'Stratford-On-Avon', '', 45),
(130, '2021-03-16 10:34:18.710271+00', 'On Course - Test: Broken Switch', NULL, '', 50),
(131, '2021-03-16 10:34:33.974767+00', 'On Course - Test: Broken Switch', NULL, '', 110),
(132, '2021-03-16 10:34:55.209999+00', 'On Course - Test: Broken Switch', NULL, '', 110),
(133, '2021-03-16 10:35:36.665675+00', 'On Course - Test: Broken Switch', NULL, '', 40),
(134, '2021-03-16 10:50:31.225683+00', 'In Refurb - Send for mechanical repair', NULL, '', 48),
(135, '2021-03-16 10:50:36.726128+00', NULL, NULL, '', 48),
(136, '2021-03-16 10:50:42.572078+00', NULL, NULL, '', 48),
(137, '2021-03-16 13:28:51.592311+00', 'On Course - Racing: Stuck on track', 'Cheltenham', '', 70),
(138, '2021-03-16 15:14:59.472291+00', 'On Course - Racing: Stuck on track', 'Cheltenham', '', 119),
(139, '2021-03-17 13:28:42.260847+00', 'On Course - Racing: Stuck on track', 'Cheltenham', '', 61),
(140, '2021-03-17 14:44:31.092643+00', 'On Course - Racing: Stuck on track', 'Cheltenham', '', 70),
(173, '2021-03-22 14:23:47.787583+00', 'On Course - Test: No Solid White', 'Kelso', '', 82),
(174, '2021-03-22 14:54:51.937342+00', 'On Course - Racing: Stuck on track', 'Kelso', '', 19),
(175, '2021-03-22 14:55:07.336009+00', 'On Course - Racing: Stuck on track', 'Kelso', '', 20),
(176, '2021-03-22 16:02:25.774783+00', 'On Course - Racing: Not to course', 'Kelso', '', 21),
(177, '2021-03-23 13:01:29.541293+00', 'On Course - Racing: Stuck on track', 'Huntingdon', '', 38),
(178, '2021-03-23 13:01:41.681555+00', 'On Course - Racing: Stuck on track', 'Huntingdon', '', 122),
(179, '2021-03-23 13:09:37.247597+00', 'On Course - Racing: Stuck on track', 'Huntingdon', '', 41),
(180, '2021-03-23 13:09:56.100797+00', 'On Course - Racing: Stuck on track', 'Huntingdon', '', 123),
(181, '2021-03-23 13:10:12.688713+00', 'On Course - Racing: Stuck on track', 'Huntingdon', '', 45),
(182, '2021-03-23 13:38:44.477026+00', 'On Course - Racing: Stuck on track', 'Huntingdon', '', 32),
(183, '2021-03-23 13:40:13.132781+00', 'On Course - Racing: Stuck on track', 'Huntingdon', '', 124),
(184, '2021-03-23 13:40:28.819312+00', 'On Course - Racing: Stuck on track', 'Huntingdon', '', 34),
(185, '2021-03-23 13:40:40.576604+00', 'On Course - Racing: Stuck on track', 'Huntingdon', '', 71),
(186, '2021-03-23 13:41:15.878827+00', 'On Course - Racing: Stuck on track', 'Huntingdon', '', 65),
(187, '2021-03-23 13:41:35.221623+00', 'On Course - Racing: Stuck on track', 'Huntingdon', '', 119),
(188, '2021-03-23 13:41:58.518303+00', 'On Course - Racing: Stuck on track', 'Huntingdon', '', 125),
(189, '2021-03-23 15:11:25.468678+00', 'On Course - Racing: Stuck on track', 'Wetherby', '', 60),
(190, '2021-03-23 15:16:16.277209+00', 'On Course - Racing: Stuck on track', 'Huntingdon', '', 63),
(191, '2021-03-23 15:16:33.038751+00', 'On Course - Racing: Stuck on track', 'Huntingdon', '', 26),
(192, '2021-03-23 15:42:43.939744+00', 'On Course - Racing: Not to course', 'Huntingdon', '', 124),
(193, '2021-03-23 15:42:55.386076+00', 'On Course - Racing: Stuck on track', 'Huntingdon', '', 15),
(194, '2021-03-23 15:44:44.431466+00', 'On Course - Racing: Stuck on track', 'Huntingdon', '', 10),
(195, '2021-03-26 14:08:25.625314+00', 'On Course - Racing: Stuck on track', 'Musselburgh', '', 1),
(196, '2021-03-26 14:09:18.25967+00', 'On Course - Racing: Not to course', 'Musselburgh', '', 21),
(197, '2021-03-26 14:10:27.737299+00', 'On Course - Racing: Stuck on track', 'Newbury', '', 11),
(198, '2021-03-26 14:10:46.756239+00', 'On Course - Racing: Stuck on track', 'Newbury', '', 9),
(199, '2021-03-26 14:37:52.891976+00', 'On Course - Racing: Stuck on track', 'Musselburgh', '', 19),
(200, '2021-03-26 14:38:13.921197+00', 'On Course - Racing: Stuck on track', 'Musselburgh', '', 20),
(201, '2021-03-26 16:18:32.375999+00', 'On Course - Racing: Not to course', 'Musselburgh', '', 76),
(202, '2021-03-27 11:17:49.965436+00', 'On Course - Test: No Orange', 'Kempton Park', '', 120),
(203, '2021-03-27 14:51:51.944678+00', 'On Course - Racing: Stuck on track', 'Kempton Park', '', 112),
(204, '2021-03-27 14:52:05.691203+00', 'On Course - Racing: Stuck on track', 'Kempton Park', '', 122),
(205, '2021-03-27 15:57:25.537384+00', 'On Course - Racing: Not to course', 'Kempton Park', '', 57),
(206, '2021-03-27 17:09:37.070696+00', 'On Course - Racing: Stuck on track', 'Kempton Park', '', 39),
(207, '2021-03-27 17:09:49.498928+00', 'On Course - Racing: Stuck on track', 'Kempton Park', '', 97),
(208, '2021-03-27 17:47:20.177747+00', 'On Course - Racing: Stuck on track', 'Newbury', '', 7),
(209, '2021-04-07 12:14:25.263361+00', 'On Course - Test: No Solid White', 'Nottingham', 'no lights', 28),
(210, '2021-04-07 12:14:45.365319+00', 'On Course - Test: No Solid White', 'Nottingham', 'no lights', 3),
(211, '2021-04-07 12:15:09.830068+00', 'On Course - Test: No Solid White', 'Nottingham', 'no lights', 124),
(212, '2021-04-07 12:15:27.777772+00', 'On Course - Test: No Red', 'Nottingham', '', 117),
(213, '2021-04-07 15:29:15.728692+00', 'On Course - Racing: Stuck on track', 'Nottingham', '', 22),
(214, '2021-04-07 15:31:52.220194+00', 'On Course - Racing: Stuck on track', 'Nottingham', '', 97),
(246, '2021-04-08 13:07:55.103421+00', 'On Course - Racing: Stuck on track', 'Taunton', '', 59),
(247, '2021-04-08 13:31:11.055284+00', 'On Course - Racing: Not to course', 'Taunton', '', 124),
(248, '2021-04-08 13:34:08.923643+00', 'On Course - Racing: Stuck on track', 'Taunton', '', 106),
(249, '2021-04-08 14:06:03.520173+00', 'On Course - Racing: Stuck on track', 'Taunton', '', 43),
(250, '2021-04-08 14:06:19.85632+00', 'On Course - Racing: Stuck on track', 'Taunton', '', 41),
(251, '2021-04-08 14:06:33.578844+00', 'On Course - Racing: Stuck on track', 'Taunton', '', 96),
(252, '2021-04-14 11:12:08.32649+00', 'On Course - Test: No Solid White', 'Newmarket', '', 28),
(253, '2021-04-14 11:13:06.005906+00', 'On Course - Test: No Solid White', 'Newmarket', '', 64),
(254, '2021-04-15 12:20:44.604914+00', 'On Course - Racing: Stuck on track', 'Newmarket', '', 8),
(255, '2021-04-15 12:21:02.12093+00', 'On Course - Racing: Stuck on track', 'Newmarket', '', 8),
(256, '2021-04-15 12:47:14.430956+00', 'On Course - Racing: Not to course', 'Newmarket', '', 122),
(257, '2021-04-15 12:47:42.856998+00', 'On Course - Racing: Stuck on track', 'Newmarket', '', 119),
(258, '2021-04-15 12:56:20.620079+00', 'On Course - Racing: Stuck on track', 'Newmarket', '', 38),
(259, '2021-04-15 12:56:31.543568+00', 'On Course - Racing: Stuck on track', 'Newmarket', '', 59),
(260, '2021-04-15 12:56:45.152191+00', 'On Course - Racing: Stuck on track', 'Newmarket', '', 31),
(261, '2021-04-15 13:23:01.907327+00', 'On Course - Racing: Stuck on track', 'Newmarket', '', 41),
(262, '2021-04-15 13:32:38.552428+00', 'On Course - Racing: Stuck on track', 'Newmarket', '', 41),
(263, '2021-04-15 13:32:53.199275+00', 'On Course - Racing: Stuck on track', 'Newmarket', '', 62),
(264, '2021-04-15 14:03:51.644709+00', 'On Course - Racing: Stuck on track', 'Cheltenham', '', 22),
(265, '2021-04-15 14:24:40.864743+00', 'On Course - Racing: Stuck on track', 'Cheltenham', '', 23),
(266, '2021-04-21 12:07:11.933945+00', 'On Course - Test: No Solid White', 'Ludlow', '', 28),
(267, '2021-04-21 12:07:26.552606+00', 'On Course - Test: No Solid White', 'Ludlow', '', 64),
(268, '2021-04-21 12:09:25.698708+00', 'On Course - Racing: Stuck on track', 'Ludlow', '', 69),
(269, '2021-04-21 14:16:19.993907+00', 'On Course - Racing: Stuck on track', 'Ludlow', '', 97),
(270, '2021-04-21 16:39:00.778388+00', 'On Course - Racing: Stuck on track', 'Taunton', '', 11),
(271, '2021-04-21 17:02:54.287536+00', 'On Course - Racing: Stuck on track', 'Taunton', '', 20),
(272, '2021-04-21 17:03:03.53237+00', 'On Course - Racing: Stuck on track', 'Taunton', '', 12),
(273, '2021-04-21 17:03:23.547205+00', 'On Course - Racing: Stuck on track', 'Taunton', '', 9),
(274, '2021-04-21 17:40:45.638398+00', 'On Course - Racing: Stuck on track', 'Taunton', '', 19),
(275, '2021-04-21 17:41:22.614193+00', 'On Course - Racing: Stuck on track', 'Taunton', '', 104),
(276, '2021-04-22 12:35:36.161697+00', 'On Course - Racing: Stuck on track', 'Warwick', '', 63),
(277, '2021-04-22 12:35:52.145508+00', 'On Course - Racing: Stuck on track', 'Warwick', '', 69),
(278, '2021-04-22 13:04:37.852257+00', 'On Course - Racing: Stuck on track', 'Warwick', '', 59),
(279, '2021-04-22 13:35:27.75083+00', 'On Course - Racing: Stuck on track', 'Warwick', '', 51),
(280, '2021-04-22 14:28:24.877966+00', 'On Course - Racing: Stuck on track', 'Perth', '', 85),
(281, '2021-04-22 14:42:38.088488+00', 'On Course - Racing: Stuck on track', 'Warwick', '', 109),
(282, '2021-04-22 18:04:57.856039+00', 'On Course - Racing: Stuck on track', 'Exeter', '', 7),
(283, '2021-04-22 18:05:09.572082+00', 'On Course - Racing: Stuck on track', 'Exeter', '', 13),
(284, '2021-04-24 12:45:18.097921+00', 'On Course - Racing: Stuck on track', 'Leicester', '', 62),
(285, '2021-04-24 13:40:15.551099+00', 'On Course - Racing: Stuck on track', 'Sandown Park', '', 19),
(286, '2021-04-24 13:40:32.071764+00', 'On Course - Racing: Stuck on track', 'Sandown Park', '', 20),
(287, '2021-04-24 13:40:47.741744+00', 'On Course - Racing: Stuck on track', 'Sandown Park', '', 12),
(288, '2021-04-24 13:41:12.720165+00', 'On Course - Racing: Stuck on track', 'Sandown Park', '', 7),
(289, '2021-04-24 13:41:26.930011+00', 'On Course - Racing: Stuck on track', 'Sandown Park', '', 9),
(290, '2021-04-24 13:41:44.154758+00', 'On Course - Racing: Stuck on track', 'Sandown Park', '', 11),
(291, '2021-04-29 13:26:23.599846+00', 'On Course - Racing: Stuck on track', 'Musselburgh', '', 70),
(292, '2021-04-30 12:43:36.257175+00', 'On Course - Racing: Stuck on track', 'Goodwood', '', 75),
(293, '2021-04-30 12:43:54.294283+00', 'On Course - Racing: Stuck on track', 'Goodwood', '', 23),
(294, '2021-04-30 13:14:34.958366+00', 'On Course - Racing: Not to course', 'Goodwood', '', 21),
(295, '2021-04-30 13:14:47.004563+00', 'On Course - Racing: Not to course', 'Goodwood', '', 78),
(296, '2021-04-30 17:09:13.53997+00', 'On Course - Racing: Stuck on track', 'Cheltenham', '', 31),
(297, '2021-04-30 17:09:14.693378+00', 'On Course - Racing: Stuck on track', 'Cheltenham', '', 31),
(298, '2021-04-30 17:09:34.796433+00', 'On Course - Racing: Not to course', 'Cheltenham', '', 27),
(299, '2021-04-30 17:09:48.075849+00', 'On Course - Racing: Stuck on track', 'Cheltenham', '', 122),
(300, '2021-04-30 17:10:07.471112+00', 'On Course - Racing: Stuck on track', 'Cheltenham', '', 105),
(301, '2021-04-30 17:50:52.307476+00', 'On Course - Racing: Stuck on track', 'Cheltenham', '', 59),
(302, '2021-04-30 17:51:34.75513+00', 'On Course - Racing: Stuck on track', 'Cheltenham', '', 2),
(303, '2021-04-30 18:16:45.572063+00', 'On Course - Racing: Stuck on track', 'Cheltenham', '', 54),
(304, '2021-05-05 16:48:33.165718+00', 'On Course - Racing: Not to course', 'Kempton Park', '', 19),
(305, '2021-05-05 16:48:59.526938+00', 'On Course - Racing: Not to course', 'Kempton Park', '', 21),
(306, '2021-05-05 16:49:12.85287+00', 'On Course - Racing: Not to course', 'Kempton Park', '', 9),
(307, '2021-05-05 16:49:40.523281+00', 'On Course - Racing: Stuck on track', 'Kempton Park', '', 7),
(308, '2021-05-06 10:35:55.464255+00', 'On Course - Test: Broken Connector', NULL, '', 103),
(309, '2021-05-06 10:36:31.202566+00', 'On Course - Test: Broken Connector', NULL, '', 151),
(310, '2021-05-06 14:26:10.479932+00', 'In Refurb - Send for mechanical repair', NULL, 'broken connector', 56),
(311, '2021-05-11 16:23:34.546419+00', 'On Course - Racing: Stuck on track', 'Beverly', '', 30),
(312, '2021-05-13 12:21:04.007285+00', 'On Course - Racing: Not to course', 'Salisbury', '', 20),
(313, '2021-05-13 12:21:22.179419+00', 'On Course - Racing: Stuck on track', 'Salisbury', '', 7),
(314, '2021-05-13 12:56:06.56662+00', 'On Course - Racing: Not to course', 'Salisbury', '', 19),
(315, '2021-05-13 12:56:50.577289+00', 'On Course - Racing: Stuck on track', 'Salisbury', '', 12),
(316, '2021-05-13 13:45:08.467737+00', 'On Course - Racing: Stuck on track', 'York', '', 30),
(317, '2021-05-13 13:45:38.686304+00', 'On Course - Racing: Stuck on track', 'York', '', 117),
(318, '2021-05-16 13:54:12.79147+00', 'On Course - Racing: Stuck on track', 'Stratford-On-Avon', '', 65),
(319, '2021-05-26 18:02:38.551393+00', 'On Course - Racing: Stuck on track', 'Warwick', '', 46),
(320, '2021-05-31 11:40:13.19513+00', 'On Course - Racing: Stuck on track', 'Huntingdon', '', 109),
(321, '2021-05-31 11:40:38.610601+00', 'On Course - Racing: Stuck on track', 'Huntingdon', '', 29),
(322, '2021-05-31 11:40:58.605693+00', 'On Course - Racing: Stuck on track', 'Huntingdon', '', 27),
(323, '2021-05-31 11:41:12.298412+00', 'On Course - Racing: Stuck on track', 'Huntingdon', '', 164),
(324, '2021-05-31 11:41:32.153456+00', 'On Course - Racing: Stuck on track', 'Huntingdon', '', 131),
(325, '2021-05-31 11:41:48.042012+00', 'On Course - Racing: Stuck on track', 'Huntingdon', '', 32),
(326, '2021-05-31 11:42:12.205856+00', 'On Course - Racing: Stuck on track', 'Huntingdon', '', 46),
(327, '2021-05-31 12:11:51.454474+00', 'On Course - Racing: Stuck on track', 'Huntingdon', '', 62),
(328, '2021-05-31 12:12:10.056773+00', 'On Course - Racing: Stuck on track', 'Leicester', '', 42),
(329, '2021-06-01 13:06:47.702484+00', 'On Course - Racing: Stuck on track', 'Leicester', '', 107),
(330, '2021-06-02 12:04:05.575598+00', 'On Course - Racing: Stuck on track', 'Nottingham', '', 37),
(331, '2021-06-02 12:04:28.031463+00', 'On Course - Racing: Stuck on track', 'Nottingham', '', 132),
(332, '2021-06-02 12:05:11.531645+00', 'On Course - Racing: Stuck on track', 'Nottingham', '', 59),
(333, '2021-06-02 12:17:56.527479+00', 'On Course - Racing: Stuck on track', 'Ayr', '', 61),
(334, '2021-06-02 17:17:47.183538+00', 'On Course - Racing: Stuck on track', 'Kempton Park', '', 163),
(335, '2021-06-02 18:52:54.774088+00', 'On Course - Racing: Not to course', 'Kempton Park', '', 51),
(336, '2021-06-06 12:51:13.666306+00', 'On Course - Racing: Stuck on track', 'Goodwood', '', 59),
(337, '2021-06-06 13:36:02.363886+00', 'On Course - Racing: Not to course', 'Perth', '', 61),
(338, '2021-06-08 12:12:10.713421+00', 'On Course - Test: Broken Connector', NULL, '', 100),
(339, '2021-06-08 12:12:27.684055+00', 'On Course - Test: Broken Connector', NULL, '', 85),
(340, '2021-06-11 13:14:27.67717+00', 'On Course - Racing: Stuck on track', 'Sandown Park', '', 42),
(341, '2021-06-11 13:14:42.781986+00', 'On Course - Racing: Stuck on track', 'Sandown Park', '', 65),
(342, '2021-06-11 13:50:08.532324+00', 'On Course - Racing: Stuck on track', 'Sandown Park', '', 80),
(343, '2021-06-11 13:50:27.702001+00', 'On Course - Racing: Stuck on track', 'Sandown Park', '', 69),
(344, '2021-06-11 18:00:08.371678+00', 'On Course - Racing: Stuck on track', 'Aintree', '', 70),
(345, '2021-06-14 16:54:12.461689+00', 'On Course - Racing: Stuck on track', 'Nottingham', '', 136),
(346, '2021-06-14 16:54:13.356015+00', 'On Course - Racing: Stuck on track', 'Nottingham', '', 136),
(347, '2021-06-14 17:26:07.091542+00', 'On Course - Racing: Stuck on track', 'Kempton Park', '', 126),
(348, '2021-06-14 17:26:32.29912+00', 'On Course - Racing: Stuck on track', 'Nottingham', '', 142),
(349, '2021-06-14 17:54:59.299111+00', 'On Course - Racing: Stuck on track', 'Nottingham', '', 159),
(350, '2021-06-14 17:55:23.690999+00', 'On Course - Racing: Stuck on track', 'Nottingham', '', 160),
(351, '2021-06-14 17:55:42.949335+00', 'On Course - Racing: Stuck on track', 'Nottingham', '', 45),
(352, '2021-06-14 18:57:01.525555+00', 'On Course - Racing: Stuck on track', 'Nottingham', '', 52),
(353, '2021-06-15 12:29:06.603809+00', 'On Course - Racing: Stuck on track', 'Stratford-On-Avon', '', 39),
(354, '2021-06-16 13:30:46.276884+00', 'Out of Service and Returned for Refurb', NULL, '', 67),
(355, '2021-06-28 14:19:25.770676+00', 'On Course - Test: Broken Connector', NULL, '', 123);

INSERT INTO "public"."unit_logs_frankel" ("id", "number", "date_added", "status", "start_date") VALUES
(4, 81, '2021-05-11', 'In Service', NULL),
(5, 62, '2021-01-18', 'In Service', NULL),
(6, 54, '2021-01-18', 'In Service', NULL),
(7, 55, '2021-04-21', 'In Service', NULL),
(8, 72, '2021-01-18', 'In Service', NULL);

INSERT INTO "public"."unit_logs_frankel_entry" ("id", "date_added", "status", "venue", "comments", "frankel_id") VALUES
(2, '2021-01-18 15:10:08.47807+00', 'On Course - Racing: Not to course', 'Ayr', '', 6),
(3, '2021-01-18 15:10:22.320684+00', 'On Course - Racing: Not to course', 'Ayr', '', 7),
(4, '2021-01-18 15:10:37.526059+00', 'On Course - Racing: Not to course', 'Ayr', '', 5),
(5, '2021-01-18 15:10:49.947524+00', 'On Course - Racing: Not to course', 'Ayr', '', 8),
(6, '2021-01-18 15:11:02.978786+00', 'On Course - Racing: Not to course', 'Ayr', '', 4),
(7, '2021-02-16 13:05:55.442657+00', 'On Course - Racing: Stuck on track', 'Catterick Bridge', '', 4),
(8, '2021-02-22 14:17:04.883372+00', 'On Course - Racing: Stuck on track', 'Carlisle', '', 8),
(9, '2021-02-22 14:17:42.416972+00', 'On Course - Racing: Not to course', 'Carlisle', '', 7),
(10, '2021-02-22 14:17:42.431368+00', 'On Course - Racing: Not to course', 'Carlisle', '', 7),
(11, '2021-03-06 13:37:33.764336+00', 'On Course - Racing: Stuck on track', 'Kelso', '', 4),
(12, '2021-04-21 14:04:11.872275+00', 'On Course - Racing: Not to course', 'Perth', '', 4),
(13, '2021-04-21 14:04:22.178462+00', 'On Course - Racing: Not to course', 'Perth', '', 7),
(14, '2021-05-11 17:37:32.243971+00', 'On Course - Racing: Stuck on track', 'Ayr', '', 4);

INSERT INTO "public"."unit_logs_kauto" ("id", "number", "date_added", "status", "start_date") VALUES
(2, 17, '2021-03-10', 'In Service', NULL),
(3, 66, '2021-02-09', 'In Service', NULL),
(4, 39, '2021-04-15', 'In Service', NULL),
(5, 14, '2021-04-15', 'In Service', '2021-01-05'),
(6, 85, '2021-01-18', 'In Service', NULL),
(7, 27, '2021-03-07', 'In Service', NULL);

INSERT INTO "public"."unit_logs_kauto_entry" ("id", "date_added", "status", "venue", "comments", "kauto_id") VALUES
(1, '2021-01-18 15:11:22.935064+00', 'On Course - Racing: Not to course', 'Ayr', '', 6),
(2, '2021-01-21 11:37:44.777766+00', 'On Course - Test: No Red', 'Ludlow', '', 5),
(3, '2021-01-21 11:38:03.712666+00', 'On Course - Test: No Red', 'Ludlow', '', 2),
(4, '2021-01-27 18:24:27.177174+00', 'On Course - Racing: Not to course', 'Kempton Park', '', 2),
(5, '2021-01-27 18:24:59.450008+00', 'On Course - Racing: Not to course', 'Kempton Park', '', 5),
(6, '2021-01-27 18:25:09.401878+00', 'On Course - Racing: Stuck on track', 'Kempton Park', '', 3),
(7, '2021-02-03 11:05:22.344468+00', 'On Course - Test: No Red', 'Warwick', '', 5),
(8, '2021-02-09 11:35:54.835238+00', 'On Course - Test: No Red', 'Kempton Park', '', 5),
(9, '2021-02-09 13:23:42.390366+00', 'On Course - Racing: Not to course', 'Kempton Park', '', 3),
(10, '2021-02-24 12:53:00.124065+00', 'On Course - Test: No Red', 'Ludlow', '', 5),
(11, '2021-03-07 15:13:03.096682+00', 'On Course - Racing: Not to course', 'Huntingdon', '', 7),
(12, '2021-03-07 15:13:32.304246+00', 'On Course - Racing: Not to course', 'Huntingdon', '', 5),
(13, '2021-03-07 15:14:50.780605+00', 'On Course - Racing: Stuck on track', 'Huntingdon', '', 3),
(14, '2021-03-10 18:24:19.826919+00', 'On Course - Racing: Stuck on track', 'Kempton Park', '', 2),
(15, '2021-04-15 12:20:23.665313+00', 'On Course - Racing: Not to course', 'Newmarket', '', 5),
(16, '2021-04-15 13:33:06.684179+00', 'On Course - Racing: Stuck on track', 'Newmarket', '', 4);

INSERT INTO "public"."unit_logs_other" ("id", "number", "date_added", "status", "start_date") VALUES
(1, 1, '2021-01-08', 'Not In Service', NULL),
(2, 2, '2021-01-08', 'Not In Service', NULL),
(4, 10, '2021-01-11', 'Not In Service', NULL),
(5, 8, '2021-01-11', 'Not In Service', NULL),
(6, 7, '2021-01-11', 'Not In Service', NULL),
(7, 6, '2021-01-11', 'Not In Service', NULL),
(8, 9, '2021-01-11', 'Not In Service', NULL),
(9, 5, '2021-01-11', 'Not In Service', NULL),
(10, 4, '2021-01-11', 'Not In Service', NULL),
(11, 3, '2021-01-11', 'Not In Service', NULL),
(12, 11, '2021-01-11', 'Not In Service', NULL),
(13, 12, '2021-01-11', 'Not In Service', NULL),
(14, 13, '2021-01-11', 'Not In Service', NULL),
(15, 14, '2021-01-11', 'Not In Service', NULL),
(16, 15, '2021-01-11', 'Not In Service', NULL),
(17, 16, '2021-01-11', 'Not In Service', NULL),
(18, 17, '2021-01-11', 'Not In Service', NULL),
(19, 18, '2021-01-11', 'Not In Service', NULL),
(20, 19, '2021-01-11', 'Not In Service', NULL),
(21, 20, '2021-01-11', 'Not In Service', NULL),
(22, 21, '2021-01-11', 'Not In Service', NULL),
(23, 22, '2021-01-11', 'Not In Service', NULL),
(24, 23, '2021-01-11', 'Not In Service', NULL),
(25, 24, '2021-01-11', 'Not In Service', NULL),
(26, 25, '2021-01-11', 'Not In Service', NULL),
(27, 26, '2021-01-11', 'Not In Service', NULL),
(28, 27, '2021-01-11', 'Not In Service', NULL),
(29, 28, '2021-01-11', 'Not In Service', NULL),
(30, 29, '2021-01-11', 'Not In Service', NULL),
(31, 30, '2021-01-11', 'Not In Service', NULL),
(32, 31, '2021-01-11', 'Not In Service', NULL),
(33, 32, '2021-01-11', 'Not In Service', NULL),
(34, 33, '2021-01-11', 'Not In Service', NULL),
(35, 34, '2021-01-11', 'Not In Service', NULL),
(36, 35, '2021-01-11', 'Not In Service', NULL),
(37, 36, '2021-01-13', 'In Repair', NULL),
(38, 37, '2021-01-13', 'In Repair', NULL),
(39, 38, '2021-01-13', 'In Repair', NULL),
(40, 39, '2021-01-13', 'In Repair', NULL),
(41, 40, '2021-01-13', 'In Repair', NULL);

INSERT INTO "public"."unit_logs_winx" ("id", "number", "date_added", "status", "start_date") VALUES
(1, 5, '2021-06-16', 'In Service', '2019-10-01'),
(2, 70, '2021-06-16', 'In Service', '2019-10-01'),
(3, 66, '2021-06-16', 'In Repair', '2019-10-01'),
(4, 20, '2021-06-16', 'In Service', '2019-10-01'),
(5, 47, '2021-06-16', 'In Repair', '2019-11-01'),
(6, 79, '2021-06-16', 'In Repair', '2019-12-01'),
(7, 49, '2021-06-16', 'In Service', '2019-11-01'),
(8, 63, '2021-06-16', 'In Service', '2019-10-01'),
(9, 61, '2021-06-16', 'In Service', '2019-10-01'),
(10, 43, '2021-06-16', 'In Service', '2019-10-01'),
(11, 19, '2021-06-16', 'In Service', '2019-10-01'),
(12, 1, '2021-06-16', 'In Service', '2019-10-01'),
(13, 50, '2021-06-16', 'In Service', '2019-11-01'),
(14, 21, '2021-06-16', 'In Repair', '2019-10-01'),
(15, 35, '2021-06-16', 'In Service', '2019-10-01'),
(16, 4, '2021-06-16', 'Not In Service', '2019-10-01'),
(17, 86, '2021-06-16', 'In Repair', '2020-06-01'),
(18, 42, '2021-06-16', 'Not In Service', '2019-10-01'),
(19, 22, '2021-06-16', 'Not In Service', '2019-10-01'),
(20, 27, '2021-06-16', 'Not In Service', '2019-10-01'),
(21, 122, '2021-06-16', 'In Repair', '2020-12-01'),
(22, 14, '2021-06-16', 'In Service', '2019-10-01'),
(23, 26, '2021-06-16', 'In Service', '2019-10-01'),
(24, 18, '2021-06-16', 'Not In Service', '2019-10-01'),
(25, 78, '2021-06-16', 'In Repair', '2019-12-01'),
(26, 77, '2021-06-16', 'In Service', '2019-12-01'),
(27, 102, '2021-05-31', 'In Service', NULL),
(28, 29, '2021-06-16', 'Not In Service', '2019-10-01'),
(29, 87, '2021-06-16', 'In Service', '2020-06-01'),
(30, 109, '2021-06-16', 'In Service', '2020-12-01'),
(31, 32, '2021-06-16', 'In Service', '2019-10-01'),
(32, 121, '2021-06-16', 'In Service', '2020-12-01'),
(33, 92, '2021-06-16', 'In Service', '2020-06-01'),
(34, 129, '2021-06-16', 'In Service', '2020-12-01'),
(35, 117, '2021-06-16', 'In Service', '2020-12-01'),
(36, 118, '2021-06-16', 'In Repair', '2020-12-01'),
(37, 119, '2021-06-16', 'In Service', '2020-12-01'),
(38, 30, '2021-06-16', 'In Service', '2019-10-01'),
(39, 114, '2021-06-16', 'In Service', '2020-12-01'),
(40, 89, '2021-06-16', 'In Repair', '2020-06-01'),
(41, 57, '2021-06-16', 'In Service', '2019-10-01'),
(42, 115, '2021-06-16', 'In Service', '2020-12-01'),
(43, 127, '2021-06-16', 'In Service', '2020-12-01'),
(44, 130, '2021-06-16', 'In Service', '2020-12-01'),
(45, 16, '2021-06-16', 'In Service', '2019-10-01'),
(46, 85, '2021-06-16', 'In Service', '2020-06-01'),
(47, 105, '2021-01-06', 'In Service', NULL),
(48, 6, '2021-06-16', 'In Service', '2019-10-01'),
(49, 101, '2021-01-06', 'In Service', NULL),
(50, 60, '2021-06-16', 'In Repair', '2019-10-01'),
(51, 108, '2021-06-16', 'In Service', '2020-12-01'),
(52, 15, '2021-06-16', 'In Service', '2019-10-01'),
(53, 125, '2021-06-16', 'Not In Service', '2020-12-01'),
(54, 116, '2021-06-16', 'In Service', '2020-12-01'),
(55, 106, '2021-01-06', 'In Service', NULL),
(56, 104, '2021-05-06', 'In Repair', NULL),
(57, 103, '2021-03-27', 'In Service', NULL),
(58, 10, '2021-06-16', 'In Service', '2019-10-01'),
(59, 120, '2021-06-16', 'In Service', '2020-12-01'),
(60, 128, '2021-06-16', 'In Service', '2020-12-01'),
(61, 111, '2021-06-16', 'In Service', '2020-12-01'),
(62, 113, '2021-06-16', 'In Service', '2020-12-01'),
(63, 124, '2021-06-16', 'In Service', '2020-12-01'),
(64, 110, '2021-06-16', 'Not In Service', '2020-12-01'),
(65, 123, '2021-06-16', 'In Service', '2020-12-01'),
(66, 112, '2021-06-16', 'In Service', '2020-12-01'),
(67, 107, '2021-06-16', 'Not In Service', '2020-12-01'),
(68, 100, '2021-01-06', 'In Service', NULL),
(69, 95, '2021-06-16', 'In Service', '2020-12-01'),
(70, 45, '2021-06-16', 'In Service', '2019-10-01'),
(71, 80, '2021-06-16', 'In Service', '2019-12-01'),
(74, 8, '2021-06-16', 'Not In Service', '2019-10-01'),
(75, 88, '2021-06-16', 'In Service', '2020-06-01'),
(76, 72, '2021-06-16', 'In Service', '2019-11-01'),
(77, 3, '2021-06-16', 'Not In Service', '2019-10-01'),
(78, 46, '2021-06-16', 'In Service', '2019-10-01'),
(79, 90, '2021-06-16', 'Not In Service', '2020-06-01'),
(80, 93, '2021-06-16', 'In Service', '2020-06-01'),
(81, 54, '2021-06-16', 'Not In Service', '2019-12-01'),
(82, 76, '2021-06-16', 'Not In Service', '2019-12-01'),
(83, 51, '2021-06-16', 'In Repair', '2019-10-01'),
(84, 58, '2021-06-16', 'Not In Service', '2019-11-01'),
(85, 91, '2021-06-16', 'Not In Service', '2020-06-01'),
(86, 59, '2021-06-16', 'Not In Service', '2019-11-01'),
(87, 67, '2021-06-16', 'Not In Service', '2020-01-01'),
(88, 73, '2021-06-16', 'In Service', '2019-11-01'),
(89, 25, '2021-06-16', 'In Repair', '2019-10-01'),
(90, 81, '2021-06-16', 'Not In Service', '2020-06-01'),
(91, 41, '2021-06-16', 'Not In Service', '2019-06-01'),
(92, 52, '2021-06-16', 'Not In Service', '2019-11-01'),
(93, 23, '2021-06-16', 'Not In Service', '2019-10-01'),
(94, 12, '2021-06-16', 'Not In Service', '2019-10-01'),
(95, 56, '2021-06-16', 'Not In Service', '2019-11-01'),
(96, 96, '2021-06-16', 'In Service', '2020-12-01'),
(97, 84, '2021-06-16', 'In Service', '2020-06-01'),
(98, 33, '2021-06-16', 'Not In Service', '2019-10-01'),
(99, 9, '2021-06-16', 'In Repair', '2019-10-01'),
(100, 37, '2021-06-16', 'Not In Service', '2019-10-01'),
(101, 40, '2021-06-16', 'In Repair', '2019-10-01'),
(102, 53, '2021-06-16', 'Not In Service', '2019-10-01'),
(103, 38, '2021-05-06', 'In Repair', NULL),
(104, 17, '2021-06-16', 'In Service', '2019-10-01'),
(105, 31, '2021-06-16', 'In Service', '2019-10-01'),
(106, 28, '2021-06-16', 'In Service', '2019-10-01'),
(107, 24, '2021-06-16', 'In Service', '2019-10-01'),
(108, 34, '2021-06-16', 'In Service', '2019-10-01'),
(109, 48, '2021-06-16', 'In Service', '2019-11-01'),
(110, 11, '2021-06-16', 'Not In Service', '2019-10-01'),
(111, 82, '2021-06-16', 'In Service', '2020-06-01'),
(112, 13, '2021-06-16', 'In Repair', '2019-10-01'),
(113, 55, '2021-06-16', 'Not In Service', '2019-10-01'),
(114, 64, '2021-06-16', 'In Service', '2019-11-01'),
(115, 2, '2021-06-16', 'In Repair', '2019-10-01'),
(116, 74, '2021-06-16', 'In Service', '2019-11-01'),
(117, 131, '2021-05-13', 'In Service', NULL),
(118, 132, '2021-06-08', 'Not In Service', NULL),
(119, 134, '2021-05-26', 'In Repair', NULL),
(120, 62, '2021-06-16', 'Not In Service', '2019-11-01'),
(121, 69, '2021-06-16', 'In Repair', '2019-10-01'),
(122, 44, '2021-06-16', 'Not In Service', '2019-10-01'),
(123, 7, '2021-06-28', 'Not In Service', '2019-10-01'),
(124, 68, '2021-06-28', 'In Repair', '2019-10-01'),
(125, 126, '2021-06-16', 'In Service', '2020-12-01'),
(126, 156, '2021-06-16', 'In Service', '2021-05-01'),
(127, 142, '2021-06-16', 'In Service', '2021-05-01'),
(128, 152, '2021-06-16', 'In Service', '2021-05-01'),
(129, 136, '2021-06-16', 'In Service', '2021-05-01'),
(130, 137, '2021-06-16', 'In Service', '2021-05-01'),
(131, 154, '2021-06-16', 'In Service', '2021-05-01'),
(132, 159, '2021-06-16', 'In Service', '2021-05-01'),
(133, 160, '2021-06-16', 'In Service', '2021-05-01'),
(134, 144, '2021-06-16', 'In Service', '2021-05-01'),
(135, 139, '2021-06-16', 'In Service', '2021-05-01'),
(136, 140, '2021-06-16', 'In Service', '2021-05-01'),
(137, 135, '2021-06-16', 'In Service', '2021-05-01'),
(138, 161, '2021-06-16', 'In Service', '2021-05-01'),
(139, 141, '2021-06-16', 'In Service', '2021-05-01'),
(140, 157, '2021-06-16', 'In Service', '2021-05-01'),
(141, 153, '2021-06-16', 'In Service', '2021-05-01'),
(142, 158, '2021-06-16', 'In Service', '2021-05-01'),
(143, 151, '2021-06-16', 'In Service', '2021-05-01'),
(144, 164, '2021-06-16', 'In Service', '2021-05-01'),
(145, 162, '2021-06-16', 'In Service', '2021-05-01'),
(146, 138, '2021-06-16', 'In Service', '2021-05-01'),
(147, 165, '2021-06-16', 'In Service', '2021-05-01'),
(148, 143, '2021-06-16', 'In Service', '2021-05-01'),
(149, 155, '2021-06-16', 'In Service', '2021-05-01'),
(150, 145, '2021-06-16', 'In Service', '2021-05-01'),
(151, 133, '2021-05-06', 'In Repair', NULL),
(152, 170, '2021-06-16', 'In Service', '2021-05-01'),
(153, 167, '2021-06-16', 'In Service', '2021-05-01'),
(154, 180, '2021-06-16', 'In Service', '2021-05-01'),
(155, 175, '2021-06-16', 'In Service', '2021-05-01'),
(156, 176, '2021-06-16', 'In Service', '2021-05-01'),
(157, 169, '2021-06-16', 'In Service', '2021-05-01'),
(158, 172, '2021-06-16', 'In Service', '2021-05-01'),
(159, 168, '2021-06-16', 'In Service', '2021-05-01'),
(160, 177, '2021-06-16', 'In Service', '2021-05-01'),
(161, 178, '2021-06-16', 'In Service', '2021-05-01'),
(162, 166, '2021-06-16', 'In Service', '2021-05-01'),
(163, 173, '2021-06-16', 'In Service', '2021-05-01'),
(164, 174, '2021-06-16', 'In Service', '2021-05-01'),
(165, 171, '2021-06-16', 'In Service', '2021-05-01'),
(166, 179, '2021-06-16', 'In Service', '2021-05-01'),
(167, 181, '2021-06-16', 'In Service', '2021-05-01'),
(168, 182, '2021-06-16', 'In Service', '2021-05-01'),
(169, 183, '2021-06-16', 'In Service', '2021-05-01'),
(170, 195, '2021-06-16', 'In Service', '2021-05-01'),
(171, 186, '2021-06-16', 'In Service', '2021-05-01'),
(172, 187, '2021-06-16', 'In Service', '2021-05-01'),
(173, 184, '2021-06-16', 'In Service', '2021-05-01'),
(174, 185, '2021-06-16', 'In Service', '2021-05-01'),
(175, 191, '2021-06-16', 'In Service', '2021-05-01'),
(176, 189, '2021-06-16', 'In Service', '2021-05-01'),
(177, 192, '2021-06-16', 'In Service', '2021-05-01'),
(178, 188, '2021-06-16', 'In Service', '2021-05-01'),
(179, 190, '2021-06-16', 'In Service', '2021-05-01'),
(180, 36, '2021-06-16', 'Not In Service', '2019-10-01'),
(181, 39, '2021-06-16', 'Not In Service', '2019-10-01'),
(182, 71, '2021-06-16', 'Not In Service', '2019-11-01'),
(183, 97, '2021-06-16', 'In Service', '2020-12-01');

ALTER TABLE "public"."auth_group_permissions" ADD FOREIGN KEY ("group_id") REFERENCES "public"."auth_group"("id");
ALTER TABLE "public"."auth_group_permissions" ADD FOREIGN KEY ("permission_id") REFERENCES "public"."auth_permission"("id");
ALTER TABLE "public"."auth_permission" ADD FOREIGN KEY ("content_type_id") REFERENCES "public"."django_content_type"("id");
ALTER TABLE "public"."auth_user_groups" ADD FOREIGN KEY ("user_id") REFERENCES "public"."auth_user"("id");
ALTER TABLE "public"."auth_user_groups" ADD FOREIGN KEY ("group_id") REFERENCES "public"."auth_group"("id");
ALTER TABLE "public"."auth_user_user_permissions" ADD FOREIGN KEY ("permission_id") REFERENCES "public"."auth_permission"("id");
ALTER TABLE "public"."auth_user_user_permissions" ADD FOREIGN KEY ("user_id") REFERENCES "public"."auth_user"("id");
ALTER TABLE "public"."django_admin_log" ADD FOREIGN KEY ("content_type_id") REFERENCES "public"."django_content_type"("id");
ALTER TABLE "public"."django_admin_log" ADD FOREIGN KEY ("user_id") REFERENCES "public"."auth_user"("id");
ALTER TABLE "public"."unit_logs_arkle_entry" ADD FOREIGN KEY ("arkle_id") REFERENCES "public"."unit_logs_arkle"("id");
ALTER TABLE "public"."unit_logs_denman_entry" ADD FOREIGN KEY ("denman_id") REFERENCES "public"."unit_logs_denman"("id");
ALTER TABLE "public"."unit_logs_enable_entry" ADD FOREIGN KEY ("enable_id") REFERENCES "public"."unit_logs_enable"("id");
ALTER TABLE "public"."unit_logs_entry" ADD FOREIGN KEY ("winx_id") REFERENCES "public"."unit_logs_winx"("id");
ALTER TABLE "public"."unit_logs_frankel_entry" ADD FOREIGN KEY ("frankel_id") REFERENCES "public"."unit_logs_frankel"("id");
ALTER TABLE "public"."unit_logs_kauto_entry" ADD FOREIGN KEY ("kauto_id") REFERENCES "public"."unit_logs_kauto"("id");
ALTER TABLE "public"."unit_logs_other_entry" ADD FOREIGN KEY ("other_id") REFERENCES "public"."unit_logs_other"("id");
